Godot Engine v4.6.2.stable.official.71f334935 - https://godotengine.org

HOST: NetState -> HOSTING
HOST: ENet listen_ok on port 60888
HOST: Before begin_with_identity, shared_udp valid = true
HOST: After begin_with_identity, client udp = true
HOST: P2P join started, waiting for rendezvous...
HOST: Entering wait loop for go file
HOST: Wait loop iteration, go_file exists = false
HOST: _process_p2p called, delta=0.010000
HOST: Before poll_rendezvous: hole_punch state=0, is_active=false
HOST: Manual poll_rendezvous: hp.is_active() = false
HOST: Calling set_paused(false)
HOST: After manual poll_rendezvous: client._paused = false
HOST: After tick(delta): client._paused = false, client_id = <RefCounted#-9223371995633154551>
HOST: Fresh client _paused = false, fresh_client_id = <RefCounted#-9223371995633154551>
HOST: RendezvousClient state = 1
HOST: RendezvousClient paused = false, udp = true, elapsed_sec = 0.010, client_state = 1
HOST: HolePunch state = 0, is_active = false
HOST: Wait loop iteration, go_file exists = false
HOST: _process_p2p called, delta=0.010000
HOST: Before poll_rendezvous: hole_punch state=0, is_active=false
HOST: Manual poll_rendezvous: hp.is_active() = false
HOST: Calling set_paused(false)
HOST: After manual poll_rendezvous: client._paused = false
HOST: After tick(delta): client._paused = false, client_id = <RefCounted#-9223371995633154551>
HOST: Fresh client _paused = false, fresh_client_id = <RefCounted#-9223371995633154551>
HOST: RendezvousClient state = 2
HOST: RendezvousClient paused = false, udp = true, elapsed_sec = 0.020, client_state = 2
HOST: HolePunch state = 0, is_active = false
HOST: Rendezvous registered
HOST: Wait loop iteration, go_file exists = false
HOST: _process_p2p called, delta=0.010000
HOST: Before poll_rendezvous: hole_punch state=0, is_active=false
HOST: Manual poll_rendezvous: hp.is_active() = false
HOST: Calling set_paused(false)
HOST: After manual poll_rendezvous: client._paused = false
HOST: After tick(delta): client._paused = false, client_id = <RefCounted#-9223371995633154551>
HOST: Fresh client _paused = false, fresh_client_id = <RefCounted#-9223371995633154551>
HOST: RendezvousClient paused = false, udp = true, elapsed_sec = 0.030, client_state = 2
HOST: HolePunch state = 0, is_active = false
HOST: Wait loop iteration, go_file exists = false
HOST: _process_p2p called, delta=0.010000
HOST: Before poll_rendezvous: hole_punch state=0, is_active=false
HOST: Manual poll_rendezvous: hp.is_active() = false
HOST: Calling set_paused(false)
HOST: After manual poll_rendezvous: client._paused = false
HOST: After tick(delta): client._paused = false, client_id = <RefCounted#-9223371995633154551>
HOST: Fresh client _paused = false, fresh_client_id = <RefCounted#-9223371995633154551>
HOST: RendezvousClient paused = false, udp = true, elapsed_sec = 0.040, client_state = 2
HOST: HolePunch state = 0, is_active = false
HOST: Wait loop iteration, go_file exists = false
HOST: _process_p2p called, delta=0.010000
HOST: Before poll_rendezvous: hole_punch state=0, is_active=false
HOST: Manual poll_rendezvous: hp.is_active() = false
HOST: Calling set_paused(false)
HOST: After manual poll_rendezvous: client._paused = false
HOST: After tick(delta): client._paused = false, client_id = <RefCounted#-9223371995633154551>
HOST: Fresh client _paused = false, fresh_client_id = <RefCounted#-9223371995633154551>
HOST: RendezvousClient paused = false, udp = true, elapsed_sec = 0.050, client_state = 2
HOST: HolePunch state = 0, is_active = false
HOST: Wait loop iteration, go_file exists = false
HOST: _process_p2p called, delta=0.010000
HOST: Before poll_rendezvous: hole_punch state=0, is_active=false
HOST: Manual poll_rendezvous: hp.is_active() = false
HOST: Calling set_paused(false)
HOST: After manual poll_rendezvous: client._paused = false
HOST: After tick(delta): client._paused = false, client_id = <RefCounted#-9223371995633154551>
HOST: Fresh client _paused = false, fresh_client_id = <RefCounted#-9223371995633154551>
HOST: RendezvousClient paused = false, udp = true, elapsed_sec = 0.060, client_state = 2
HOST: HolePunch state = 0, is_active = false
HOST: Wait loop iteration, go_file exists = false
HOST: _process_p2p called, delta=0.010000
HOST: Before poll_rendezvous: hole_punch state=0, is_active=false
HOST: Manual poll_rendezvous: hp.is_active() = false
HOST: Calling set_paused(false)
HOST: After manual poll_rendezvous: client._paused = false
HOST: After tick(delta): client._paused = false, client_id = <RefCounted#-9223371995633154551>
HOST: Fresh client _paused = false, fresh_client_id = <RefCounted#-9223371995633154551>
HOST: RendezvousClient paused = false, udp = true, elapsed_sec = 0.070, client_state = 2
HOST: HolePunch state = 0, is_active = false
HOST: Wait loop iteration, go_file exists = false
HOST: _process_p2p called, delta=0.010000
HOST: Before poll_rendezvous: hole_punch state=0, is_active=false
HOST: Manual poll_rendezvous: hp.is_active() = false
HOST: Calling set_paused(false)
HOST: After manual poll_rendezvous: client._paused = false
HOST: After tick(delta): client._paused = false, client_id = <RefCounted#-9223371995633154551>
HOST: Fresh client _paused = false, fresh_client_id = <RefCounted#-9223371995633154551>
HOST: RendezvousClient paused = false, udp = true, elapsed_sec = 0.080, client_state = 2
HOST: HolePunch state = 0, is_active = false
HOST: Wait loop iteration, go_file exists = false
HOST: _process_p2p called, delta=0.010000
HOST: Before poll_rendezvous: hole_punch state=0, is_active=false
HOST: Manual poll_rendezvous: hp.is_active() = false
HOST: Calling set_paused(false)
HOST: After manual poll_rendezvous: client._paused = false
HOST: After tick(delta): client._paused = false, client_id = <RefCounted#-9223371995633154551>
HOST: Fresh client _paused = false, fresh_client_id = <RefCounted#-9223371995633154551>
HOST: RendezvousClient paused = false, udp = true, elapsed_sec = 0.090, client_state = 2
HOST: HolePunch state = 0, is_active = false
HOST: Wait loop iteration, go_file exists = false
HOST: _process_p2p called, delta=0.010000
HOST: Before poll_rendezvous: hole_punch state=0, is_active=false
HOST: Manual poll_rendezvous: hp.is_active() = false
HOST: Calling set_paused(false)
HOST: After manual poll_rendezvous: client._paused = false
HOST: After tick(delta): client._paused = false, client_id = <RefCounted#-9223371995633154551>
HOST: Fresh client _paused = false, fresh_client_id = <RefCounted#-9223371995633154551>
HOST: RendezvousClient paused = false, udp = true, elapsed_sec = 0.100, client_state = 2
HOST: HolePunch state = 0, is_active = false
HOST: Wait loop iteration, go_file exists = false
HOST: _process_p2p called, delta=0.010000
HOST: Before poll_rendezvous: hole_punch state=0, is_active=false
HOST: Manual poll_rendezvous: hp.is_active() = false
HOST: Calling set_paused(false)
HOST: After manual poll_rendezvous: client._paused = false
HOST: After tick(delta): client._paused = false, client_id = <RefCounted#-9223371995633154551>
HOST: Fresh client _paused = false, fresh_client_id = <RefCounted#-9223371995633154551>
HOST: RendezvousClient paused = false, udp = true, elapsed_sec = 0.110, client_state = 2
HOST: HolePunch state = 0, is_active = false
HOST: Wait loop iteration, go_file exists = false
HOST: _process_p2p called, delta=0.010000
HOST: Before poll_rendezvous: hole_punch state=0, is_active=false
HOST: Manual poll_rendezvous: hp.is_active() = false
HOST: Calling set_paused(false)
HOST: After manual poll_rendezvous: client._paused = false
HOST: After tick(delta): client._paused = false, client_id = <RefCounted#-9223371995633154551>
HOST: Fresh client _paused = false, fresh_client_id = <RefCounted#-9223371995633154551>
HOST: RendezvousClient paused = false, udp = true, elapsed_sec = 0.120, client_state = 2
HOST: HolePunch state = 0, is_active = false
HOST: Wait loop iteration, go_file exists = false
HOST: _process_p2p called, delta=0.010000
HOST: Before poll_rendezvous: hole_punch state=0, is_active=false
HOST: Manual poll_rendezvous: hp.is_active() = false
HOST: Calling set_paused(false)
HOST: After manual poll_rendezvous: client._paused = false
HOST: After tick(delta): client._paused = false, client_id = <RefCounted#-9223371995633154551>
HOST: Fresh client _paused = false, fresh_client_id = <RefCounted#-9223371995633154551>
HOST: RendezvousClient paused = false, udp = true, elapsed_sec = 0.130, client_state = 2
HOST: HolePunch state = 0, is_active = false
HOST: Wait loop iteration, go_file exists = false
HOST: _process_p2p called, delta=0.010000
HOST: Before poll_rendezvous: hole_punch state=0, is_active=false
HOST: Manual poll_rendezvous: hp.is_active() = false
HOST: Calling set_paused(false)
HOST: After manual poll_rendezvous: client._paused = false
HOST: After tick(delta): client._paused = false, client_id = <RefCounted#-9223371995633154551>
HOST: Fresh client _paused = false, fresh_client_id = <RefCounted#-9223371995633154551>
HOST: RendezvousClient paused = false, udp = true, elapsed_sec = 0.140, client_state = 2
HOST: HolePunch state = 0, is_active = false
HOST: Wait loop iteration, go_file exists = false
HOST: _process_p2p called, delta=0.010000
HOST: Before poll_rendezvous: hole_punch state=0, is_active=false
HOST: Manual poll_rendezvous: hp.is_active() = false
HOST: Calling set_paused(false)
HOST: After manual poll_rendezvous: client._paused = false
HOST: After tick(delta): client._paused = false, client_id = <RefCounted#-9223371995633154551>
HOST: Fresh client _paused = false, fresh_client_id = <RefCounted#-9223371995633154551>
HOST: RendezvousClient paused = false, udp = true, elapsed_sec = 0.150, client_state = 2
HOST: HolePunch state = 0, is_active = false
HOST: Wait loop iteration, go_file exists = false
HOST: _process_p2p called, delta=0.010000
HOST: Before poll_rendezvous: hole_punch state=0, is_active=false
HOST: Manual poll_rendezvous: hp.is_active() = false
HOST: Calling set_paused(false)
HOST: After manual poll_rendezvous: client._paused = false
HOST: After tick(delta): client._paused = false, client_id = <RefCounted#-9223371995633154551>
HOST: Fresh client _paused = false, fresh_client_id = <RefCounted#-9223371995633154551>
HOST: RendezvousClient paused = false, udp = true, elapsed_sec = 0.160, client_state = 2
HOST: HolePunch state = 0, is_active = false
HOST: Wait loop iteration, go_file exists = false
HOST: _process_p2p called, delta=0.010000
HOST: Before poll_rendezvous: hole_punch state=0, is_active=false
HOST: Manual poll_rendezvous: hp.is_active() = false
HOST: Calling set_paused(false)
HOST: After manual poll_rendezvous: client._paused = false
HOST: After tick(delta): client._paused = false, client_id = <RefCounted#-9223371995633154551>
HOST: Fresh client _paused = false, fresh_client_id = <RefCounted#-9223371995633154551>
HOST: RendezvousClient paused = false, udp = true, elapsed_sec = 0.170, client_state = 2
HOST: HolePunch state = 0, is_active = false
HOST: Wait loop iteration, go_file exists = false
HOST: _process_p2p called, delta=0.010000
HOST: Before poll_rendezvous: hole_punch state=0, is_active=false
HOST: Manual poll_rendezvous: hp.is_active() = false
HOST: Calling set_paused(false)
HOST: After manual poll_rendezvous: client._paused = false
HOST: After tick(delta): client._paused = false, client_id = <RefCounted#-9223371995633154551>
HOST: Fresh client _paused = false, fresh_client_id = <RefCounted#-9223371995633154551>
HOST: RendezvousClient paused = false, udp = true, elapsed_sec = 0.180, client_state = 2
HOST: HolePunch state = 0, is_active = false
HOST: Wait loop iteration, go_file exists = false
HOST: _process_p2p called, delta=0.010000
HOST: Before poll_rendezvous: hole_punch state=0, is_active=false
HOST: Manual poll_rendezvous: hp.is_active() = false
HOST: Calling set_paused(false)
HOST: After manual poll_rendezvous: client._paused = false
HOST: After tick(delta): client._paused = false, client_id = <RefCounted#-9223371995633154551>
HOST: Fresh client _paused = false, fresh_client_id = <RefCounted#-9223371995633154551>
HOST: RendezvousClient paused = false, udp = true, elapsed_sec = 0.190, client_state = 2
HOST: HolePunch state = 0, is_active = false
HOST: Wait loop iteration, go_file exists = false
HOST: _process_p2p called, delta=0.010000
HOST: Before poll_rendezvous: hole_punch state=0, is_active=false
HOST: Manual poll_rendezvous: hp.is_active() = false
HOST: Calling set_paused(false)
HOST: After manual poll_rendezvous: client._paused = false
HOST: After tick(delta): client._paused = false, client_id = <RefCounted#-9223371995633154551>
HOST: Fresh client _paused = false, fresh_client_id = <RefCounted#-9223371995633154551>
HOST: RendezvousClient paused = false, udp = true, elapsed_sec = 0.200, client_state = 2
HOST: HolePunch state = 0, is_active = false
HOST: Wait loop iteration, go_file exists = false
HOST: _process_p2p called, delta=0.010000
HOST: Before poll_rendezvous: hole_punch state=0, is_active=false
HOST: Manual poll_rendezvous: hp.is_active() = false
HOST: Calling set_paused(false)
HOST: After manual poll_rendezvous: client._paused = false
HOST: After tick(delta): client._paused = false, client_id = <RefCounted#-9223371995633154551>
HOST: Fresh client _paused = false, fresh_client_id = <RefCounted#-9223371995633154551>
HOST: RendezvousClient paused = false, udp = true, elapsed_sec = 0.210, client_state = 2
HOST: HolePunch state = 0, is_active = false
HOST: Wait loop iteration, go_file exists = false
HOST: _process_p2p called, delta=0.010000
HOST: Before poll_rendezvous: hole_punch state=0, is_active=false
HOST: Manual poll_rendezvous: hp.is_active() = false
HOST: Calling set_paused(false)
HOST: After manual poll_rendezvous: client._paused = false
HOST: After tick(delta): client._paused = false, client_id = <RefCounted#-9223371995633154551>
HOST: Fresh client _paused = false, fresh_client_id = <RefCounted#-9223371995633154551>
HOST: RendezvousClient paused = false, udp = true, elapsed_sec = 0.220, client_state = 2
HOST: HolePunch state = 0, is_active = false
HOST: Wait loop iteration, go_file exists = false
HOST: _process_p2p called, delta=0.010000
HOST: Before poll_rendezvous: hole_punch state=0, is_active=false
HOST: Manual poll_rendezvous: hp.is_active() = false
HOST: Calling set_paused(false)
HOST: After manual poll_rendezvous: client._paused = false
HOST: After tick(delta): client._paused = false, client_id = <RefCounted#-9223371995633154551>
HOST: Fresh client _paused = false, fresh_client_id = <RefCounted#-9223371995633154551>
HOST: RendezvousClient paused = false, udp = true, elapsed_sec = 0.230, client_state = 2
HOST: HolePunch state = 0, is_active = false
HOST: Wait loop iteration, go_file exists = false
HOST: _process_p2p called, delta=0.010000
HOST: Before poll_rendezvous: hole_punch state=0, is_active=false
HOST: Manual poll_rendezvous: hp.is_active() = false
HOST: Calling set_paused(false)
HOST: After manual poll_rendezvous: client._paused = false
HOST: After tick(delta): client._paused = false, client_id = <RefCounted#-9223371995633154551>
HOST: Fresh client _paused = false, fresh_client_id = <RefCounted#-9223371995633154551>
HOST: RendezvousClient paused = false, udp = true, elapsed_sec = 0.240, client_state = 2
HOST: HolePunch state = 0, is_active = false
HOST: Wait loop iteration, go_file exists = false
HOST: _process_p2p called, delta=0.010000
HOST: Before poll_rendezvous: hole_punch state=0, is_active=false
HOST: Manual poll_rendezvous: hp.is_active() = false
HOST: Calling set_paused(false)
HOST: After manual poll_rendezvous: client._paused = false
HOST: After tick(delta): client._paused = false, client_id = <RefCounted#-9223371995633154551>
HOST: Fresh client _paused = false, fresh_client_id = <RefCounted#-9223371995633154551>
HOST: RendezvousClient paused = false, udp = true, elapsed_sec = 0.250, client_state = 2
HOST: HolePunch state = 0, is_active = false
HOST: Wait loop iteration, go_file exists = false
HOST: _process_p2p called, delta=0.010000
HOST: Before poll_rendezvous: hole_punch state=0, is_active=false
HOST: Manual poll_rendezvous: hp.is_active() = false
HOST: Calling set_paused(false)
HOST: After manual poll_rendezvous: client._paused = false
HOST: After tick(delta): client._paused = false, client_id = <RefCounted#-9223371995633154551>
HOST: Fresh client _paused = false, fresh_client_id = <RefCounted#-9223371995633154551>
HOST: RendezvousClient paused = false, udp = true, elapsed_sec = 0.260, client_state = 2
HOST: HolePunch state = 0, is_active = false
HOST: Wait loop iteration, go_file exists = false
HOST: _process_p2p called, delta=0.010000
HOST: Before poll_rendezvous: hole_punch state=0, is_active=false
HOST: Manual poll_rendezvous: hp.is_active() = false
HOST: Calling set_paused(false)
HOST: After manual poll_rendezvous: client._paused = false
HOST: After tick(delta): client._paused = false, client_id = <RefCounted#-9223371995633154551>
HOST: Fresh client _paused = false, fresh_client_id = <RefCounted#-9223371995633154551>
HOST: RendezvousClient paused = false, udp = true, elapsed_sec = 0.270, client_state = 2
HOST: HolePunch state = 0, is_active = false
HOST: Wait loop iteration, go_file exists = false
HOST: _process_p2p called, delta=0.010000
HOST: Before poll_rendezvous: hole_punch state=0, is_active=false
HOST: Manual poll_rendezvous: hp.is_active() = false
HOST: Calling set_paused(false)
HOST: After manual poll_rendezvous: client._paused = false
HOST: After tick(delta): client._paused = false, client_id = <RefCounted#-9223371995633154551>
HOST: Fresh client _paused = false, fresh_client_id = <RefCounted#-9223371995633154551>
HOST: RendezvousClient paused = false, udp = true, elapsed_sec = 0.280, client_state = 2
HOST: HolePunch state = 0, is_active = false
HOST: Wait loop iteration, go_file exists = false
HOST: _process_p2p called, delta=0.010000
HOST: Before poll_rendezvous: hole_punch state=0, is_active=false
HOST: Manual poll_rendezvous: hp.is_active() = false
HOST: Calling set_paused(false)
HOST: After manual poll_rendezvous: client._paused = false
HOST: After tick(delta): client._paused = false, client_id = <RefCounted#-9223371995633154551>
HOST: Fresh client _paused = false, fresh_client_id = <RefCounted#-9223371995633154551>
HOST: RendezvousClient paused = false, udp = true, elapsed_sec = 0.290, client_state = 2
HOST: HolePunch state = 0, is_active = false
HOST: Wait loop iteration, go_file exists = false
HOST: _process_p2p called, delta=0.010000
HOST: Before poll_rendezvous: hole_punch state=0, is_active=false
HOST: Manual poll_rendezvous: hp.is_active() = false
HOST: Calling set_paused(false)
HOST: After manual poll_rendezvous: client._paused = false
HOST: After tick(delta): client._paused = false, client_id = <RefCounted#-9223371995633154551>
HOST: Fresh client _paused = false, fresh_client_id = <RefCounted#-9223371995633154551>
HOST: RendezvousClient paused = false, udp = true, elapsed_sec = 0.300, client_state = 2
HOST: HolePunch state = 0, is_active = false
HOST: Wait loop iteration, go_file exists = false
HOST: _process_p2p called, delta=0.010000
HOST: Before poll_rendezvous: hole_punch state=0, is_active=false
HOST: Manual poll_rendezvous: hp.is_active() = false
HOST: Calling set_paused(false)
HOST: After manual poll_rendezvous: client._paused = false
HOST: After tick(delta): client._paused = false, client_id = <RefCounted#-9223371995633154551>
HOST: Fresh client _paused = false, fresh_client_id = <RefCounted#-9223371995633154551>
HOST: RendezvousClient paused = false, udp = true, elapsed_sec = 0.310, client_state = 2
HOST: HolePunch state = 0, is_active = false
HOST: Wait loop iteration, go_file exists = false
HOST: _process_p2p called, delta=0.010000
HOST: Before poll_rendezvous: hole_punch state=0, is_active=false
HOST: Manual poll_rendezvous: hp.is_active() = false
HOST: Calling set_paused(false)
HOST: After manual poll_rendezvous: client._paused = false
HOST: After tick(delta): client._paused = false, client_id = <RefCounted#-9223371995633154551>
HOST: Fresh client _paused = false, fresh_client_id = <RefCounted#-9223371995633154551>
HOST: RendezvousClient paused = false, udp = true, elapsed_sec = 0.320, client_state = 2
HOST: HolePunch state = 0, is_active = false
HOST: Wait loop iteration, go_file exists = false
HOST: _process_p2p called, delta=0.010000
HOST: Before poll_rendezvous: hole_punch state=0, is_active=false
HOST: Manual poll_rendezvous: hp.is_active() = false
HOST: Calling set_paused(false)
HOST: After manual poll_rendezvous: client._paused = false
HOST: After tick(delta): client._paused = false, client_id = <RefCounted#-9223371995633154551>
HOST: Fresh client _paused = false, fresh_client_id = <RefCounted#-9223371995633154551>
HOST: RendezvousClient paused = false, udp = true, elapsed_sec = 0.330, client_state = 2
HOST: HolePunch state = 0, is_active = false
HOST: Wait loop iteration, go_file exists = false
HOST: _process_p2p called, delta=0.010000
HOST: Before poll_rendezvous: hole_punch state=0, is_active=false
HOST: Manual poll_rendezvous: hp.is_active() = false
HOST: Calling set_paused(false)
HOST: After manual poll_rendezvous: client._paused = false
HOST: After tick(delta): client._paused = false, client_id = <RefCounted#-9223371995633154551>
HOST: Fresh client _paused = false, fresh_client_id = <RefCounted#-9223371995633154551>
HOST: RendezvousClient paused = false, udp = true, elapsed_sec = 0.340, client_state = 2
HOST: HolePunch state = 0, is_active = false
HOST: Wait loop iteration, go_file exists = false
HOST: _process_p2p called, delta=0.010000
HOST: Before poll_rendezvous: hole_punch state=0, is_active=false
HOST: Manual poll_rendezvous: hp.is_active() = false
HOST: Calling set_paused(false)
HOST: After manual poll_rendezvous: client._paused = false
HOST: After tick(delta): client._paused = false, client_id = <RefCounted#-9223371995633154551>
HOST: Fresh client _paused = false, fresh_client_id = <RefCounted#-9223371995633154551>
HOST: RendezvousClient paused = false, udp = true, elapsed_sec = 0.350, client_state = 2
HOST: HolePunch state = 0, is_active = false
HOST: Wait loop iteration, go_file exists = false
HOST: _process_p2p called, delta=0.010000
HOST: Before poll_rendezvous: hole_punch state=0, is_active=false
HOST: Manual poll_rendezvous: hp.is_active() = false
HOST: Calling set_paused(false)
HOST: After manual poll_rendezvous: client._paused = false
HOST: After tick(delta): client._paused = false, client_id = <RefCounted#-9223371995633154551>
HOST: Fresh client _paused = false, fresh_client_id = <RefCounted#-9223371995633154551>
HOST: RendezvousClient paused = false, udp = true, elapsed_sec = 0.360, client_state = 2
HOST: HolePunch state = 0, is_active = false
HOST: Wait loop iteration, go_file exists = false
HOST: _process_p2p called, delta=0.010000
HOST: Before poll_rendezvous: hole_punch state=0, is_active=false
HOST: Manual poll_rendezvous: hp.is_active() = false
HOST: Calling set_paused(false)
HOST: After manual poll_rendezvous: client._paused = false
HOST: After tick(delta): client._paused = false, client_id = <RefCounted#-9223371995633154551>
HOST: Fresh client _paused = false, fresh_client_id = <RefCounted#-9223371995633154551>
HOST: RendezvousClient paused = false, udp = true, elapsed_sec = 0.370, client_state = 2
HOST: HolePunch state = 0, is_active = false
HOST: Wait loop iteration, go_file exists = false
HOST: _process_p2p called, delta=0.010000
HOST: Before poll_rendezvous: hole_punch state=0, is_active=false
HOST: Manual poll_rendezvous: hp.is_active() = false
HOST: Calling set_paused(false)
HOST: After manual poll_rendezvous: client._paused = false
HOST: After tick(delta): client._paused = false, client_id = <RefCounted#-9223371995633154551>
HOST: Fresh client _paused = false, fresh_client_id = <RefCounted#-9223371995633154551>
HOST: RendezvousClient paused = false, udp = true, elapsed_sec = 0.380, client_state = 2
HOST: HolePunch state = 0, is_active = false
HOST: Wait loop iteration, go_file exists = false
HOST: _process_p2p called, delta=0.010000
HOST: Before poll_rendezvous: hole_punch state=0, is_active=false
HOST: Manual poll_rendezvous: hp.is_active() = false
HOST: Calling set_paused(false)
HOST: After manual poll_rendezvous: client._paused = false
HOST: After tick(delta): client._paused = false, client_id = <RefCounted#-9223371995633154551>
HOST: Fresh client _paused = false, fresh_client_id = <RefCounted#-9223371995633154551>
HOST: RendezvousClient paused = false, udp = true, elapsed_sec = 0.390, client_state = 2
HOST: HolePunch state = 0, is_active = false
HOST: Wait loop iteration, go_file exists = false
HOST: _process_p2p called, delta=0.010000
HOST: Before poll_rendezvous: hole_punch state=0, is_active=false
HOST: Manual poll_rendezvous: hp.is_active() = false
HOST: Calling set_paused(false)
HOST: After manual poll_rendezvous: client._paused = false
HOST: After tick(delta): client._paused = false, client_id = <RefCounted#-9223371995633154551>
HOST: Fresh client _paused = false, fresh_client_id = <RefCounted#-9223371995633154551>
HOST: RendezvousClient paused = false, udp = true, elapsed_sec = 0.400, client_state = 2
HOST: HolePunch state = 0, is_active = false
HOST: Wait loop iteration, go_file exists = false
HOST: _process_p2p called, delta=0.010000
HOST: Before poll_rendezvous: hole_punch state=0, is_active=false
HOST: Manual poll_rendezvous: hp.is_active() = false
HOST: Calling set_paused(false)
HOST: After manual poll_rendezvous: client._paused = false
HOST: After tick(delta): client._paused = false, client_id = <RefCounted#-9223371995633154551>
HOST: Fresh client _paused = false, fresh_client_id = <RefCounted#-9223371995633154551>
HOST: RendezvousClient paused = false, udp = true, elapsed_sec = 0.410, client_state = 2
HOST: HolePunch state = 0, is_active = false
HOST: Wait loop iteration, go_file exists = false
HOST: _process_p2p called, delta=0.010000
HOST: Before poll_rendezvous: hole_punch state=0, is_active=false
HOST: Manual poll_rendezvous: hp.is_active() = false
HOST: Calling set_paused(false)
HOST: After manual poll_rendezvous: client._paused = false
HOST: After tick(delta): client._paused = false, client_id = <RefCounted#-9223371995633154551>
HOST: Fresh client _paused = false, fresh_client_id = <RefCounted#-9223371995633154551>
HOST: RendezvousClient paused = false, udp = true, elapsed_sec = 0.420, client_state = 2
HOST: HolePunch state = 0, is_active = false
HOST: Wait loop iteration, go_file exists = false
HOST: _process_p2p called, delta=0.010000
HOST: Before poll_rendezvous: hole_punch state=0, is_active=false
HOST: Manual poll_rendezvous: hp.is_active() = false
HOST: Calling set_paused(false)
HOST: After manual poll_rendezvous: client._paused = false
HOST: After tick(delta): client._paused = false, client_id = <RefCounted#-9223371995633154551>
HOST: Fresh client _paused = false, fresh_client_id = <RefCounted#-9223371995633154551>
HOST: RendezvousClient paused = false, udp = true, elapsed_sec = 0.430, client_state = 2
HOST: HolePunch state = 0, is_active = false
HOST: Wait loop iteration, go_file exists = false
HOST: _process_p2p called, delta=0.010000
HOST: Before poll_rendezvous: hole_punch state=0, is_active=false
HOST: Manual poll_rendezvous: hp.is_active() = false
HOST: Calling set_paused(false)
HOST: After manual poll_rendezvous: client._paused = false
HOST: After tick(delta): client._paused = false, client_id = <RefCounted#-9223371995633154551>
HOST: Fresh client _paused = false, fresh_client_id = <RefCounted#-9223371995633154551>
HOST: RendezvousClient paused = false, udp = true, elapsed_sec = 0.440, client_state = 2
HOST: HolePunch state = 0, is_active = false
HOST: Wait loop iteration, go_file exists = false
HOST: _process_p2p called, delta=0.010000
HOST: Before poll_rendezvous: hole_punch state=0, is_active=false
HOST: Manual poll_rendezvous: hp.is_active() = false
HOST: Calling set_paused(false)
HOST: After manual poll_rendezvous: client._paused = false
HOST: After tick(delta): client._paused = false, client_id = <RefCounted#-9223371995633154551>
HOST: Fresh client _paused = false, fresh_client_id = <RefCounted#-9223371995633154551>
HOST: RendezvousClient paused = false, udp = true, elapsed_sec = 0.450, client_state = 2
HOST: HolePunch state = 0, is_active = false
HOST: Wait loop iteration, go_file exists = false
HOST: _process_p2p called, delta=0.010000
HOST: Before poll_rendezvous: hole_punch state=0, is_active=false
HOST: Manual poll_rendezvous: hp.is_active() = false
HOST: Calling set_paused(false)
HOST: After manual poll_rendezvous: client._paused = false
HOST: After tick(delta): client._paused = false, client_id = <RefCounted#-9223371995633154551>
HOST: Fresh client _paused = false, fresh_client_id = <RefCounted#-9223371995633154551>
HOST: RendezvousClient paused = false, udp = true, elapsed_sec = 0.460, client_state = 2
HOST: HolePunch state = 0, is_active = false
HOST: Wait loop iteration, go_file exists = false
HOST: _process_p2p called, delta=0.010000
HOST: Before poll_rendezvous: hole_punch state=0, is_active=false
HOST: Manual poll_rendezvous: hp.is_active() = false
HOST: Calling set_paused(false)
HOST: After manual poll_rendezvous: client._paused = false
HOST: After tick(delta): client._paused = false, client_id = <RefCounted#-9223371995633154551>
HOST: Fresh client _paused = false, fresh_client_id = <RefCounted#-9223371995633154551>
HOST: RendezvousClient paused = false, udp = true, elapsed_sec = 0.470, client_state = 2
HOST: HolePunch state = 0, is_active = false
HOST: Wait loop iteration, go_file exists = false
HOST: _process_p2p called, delta=0.010000
HOST: Before poll_rendezvous: hole_punch state=0, is_active=false
HOST: Manual poll_rendezvous: hp.is_active() = false
HOST: Calling set_paused(false)
HOST: After manual poll_rendezvous: client._paused = false
HOST: After tick(delta): client._paused = false, client_id = <RefCounted#-9223371995633154551>
HOST: Fresh client _paused = false, fresh_client_id = <RefCounted#-9223371995633154551>
HOST: RendezvousClient paused = false, udp = true, elapsed_sec = 0.480, client_state = 2
HOST: HolePunch state = 0, is_active = false
HOST: Wait loop iteration, go_file exists = false
HOST: _process_p2p called, delta=0.010000
HOST: Before poll_rendezvous: hole_punch state=0, is_active=false
HOST: Manual poll_rendezvous: hp.is_active() = false
HOST: Calling set_paused(false)
HOST: After manual poll_rendezvous: client._paused = false
HOST: After tick(delta): client._paused = false, client_id = <RefCounted#-9223371995633154551>
HOST: Fresh client _paused = false, fresh_client_id = <RefCounted#-9223371995633154551>
HOST: RendezvousClient paused = false, udp = true, elapsed_sec = 0.490, client_state = 2
HOST: HolePunch state = 0, is_active = false
HOST: Wait loop iteration, go_file exists = false
HOST: _process_p2p called, delta=0.010000
HOST: Before poll_rendezvous: hole_punch state=0, is_active=false
HOST: Manual poll_rendezvous: hp.is_active() = false
HOST: Calling set_paused(false)
HOST: After manual poll_rendezvous: client._paused = false
HOST: After tick(delta): client._paused = false, client_id = <RefCounted#-9223371995633154551>
HOST: Fresh client _paused = false, fresh_client_id = <RefCounted#-9223371995633154551>
HOST: RendezvousClient paused = false, udp = true, elapsed_sec = 0.500, client_state = 2
HOST: HolePunch state = 0, is_active = false
HOST: Wait loop iteration, go_file exists = false
HOST: _process_p2p called, delta=0.010000
HOST: Before poll_rendezvous: hole_punch state=0, is_active=false
HOST: Manual poll_rendezvous: hp.is_active() = false
HOST: Calling set_paused(false)
HOST: After manual poll_rendezvous: client._paused = false
HOST: After tick(delta): client._paused = false, client_id = <RefCounted#-9223371995633154551>
HOST: Fresh client _paused = false, fresh_client_id = <RefCounted#-9223371995633154551>
HOST: RendezvousClient paused = false, udp = true, elapsed_sec = 0.510, client_state = 2
HOST: HolePunch state = 0, is_active = false
HOST: Wait loop iteration, go_file exists = false
HOST: _process_p2p called, delta=0.010000
HOST: Before poll_rendezvous: hole_punch state=0, is_active=false
HOST: Manual poll_rendezvous: hp.is_active() = false
HOST: Calling set_paused(false)
HOST: After manual poll_rendezvous: client._paused = false
HOST: After tick(delta): client._paused = false, client_id = <RefCounted#-9223371995633154551>
HOST: Fresh client _paused = false, fresh_client_id = <RefCounted#-9223371995633154551>
HOST: RendezvousClient paused = false, udp = true, elapsed_sec = 0.520, client_state = 2
HOST: HolePunch state = 0, is_active = false
HOST: Wait loop iteration, go_file exists = false
HOST: _process_p2p called, delta=0.010000
HOST: Before poll_rendezvous: hole_punch state=0, is_active=false
HOST: Manual poll_rendezvous: hp.is_active() = false
HOST: Calling set_paused(false)
HOST: After manual poll_rendezvous: client._paused = false
HOST: After tick(delta): client._paused = false, client_id = <RefCounted#-9223371995633154551>
HOST: Fresh client _paused = false, fresh_client_id = <RefCounted#-9223371995633154551>
HOST: RendezvousClient paused = false, udp = true, elapsed_sec = 0.530, client_state = 2
HOST: HolePunch state = 0, is_active = false
HOST: Wait loop iteration, go_file exists = false
HOST: _process_p2p called, delta=0.010000
HOST: Before poll_rendezvous: hole_punch state=0, is_active=false
HOST: Manual poll_rendezvous: hp.is_active() = false
HOST: Calling set_paused(false)
HOST: After manual poll_rendezvous: client._paused = false
HOST: After tick(delta): client._paused = false, client_id = <RefCounted#-9223371995633154551>
HOST: Fresh client _paused = false, fresh_client_id = <RefCounted#-9223371995633154551>
HOST: RendezvousClient paused = false, udp = true, elapsed_sec = 0.540, client_state = 2
HOST: HolePunch state = 0, is_active = false
HOST: Wait loop iteration, go_file exists = false
HOST: _process_p2p called, delta=0.010000
HOST: Before poll_rendezvous: hole_punch state=0, is_active=false
HOST: Manual poll_rendezvous: hp.is_active() = false
HOST: Calling set_paused(false)
HOST: After manual poll_rendezvous: client._paused = false
HOST: After tick(delta): client._paused = false, client_id = <RefCounted#-9223371995633154551>
HOST: Fresh client _paused = false, fresh_client_id = <RefCounted#-9223371995633154551>
HOST: RendezvousClient paused = false, udp = true, elapsed_sec = 0.550, client_state = 2
HOST: HolePunch state = 0, is_active = false
HOST: Wait loop iteration, go_file exists = false
HOST: _process_p2p called, delta=0.010000
HOST: Before poll_rendezvous: hole_punch state=0, is_active=false
HOST: Manual poll_rendezvous: hp.is_active() = false
HOST: Calling set_paused(false)
HOST: After manual poll_rendezvous: client._paused = false
HOST: After tick(delta): client._paused = false, client_id = <RefCounted#-9223371995633154551>
HOST: Fresh client _paused = false, fresh_client_id = <RefCounted#-9223371995633154551>
HOST: RendezvousClient paused = false, udp = true, elapsed_sec = 0.560, client_state = 2
HOST: HolePunch state = 0, is_active = false
HOST: Wait loop iteration, go_file exists = false
HOST: _process_p2p called, delta=0.010000
HOST: Before poll_rendezvous: hole_punch state=0, is_active=false
HOST: Manual poll_rendezvous: hp.is_active() = false
HOST: Calling set_paused(false)
HOST: After manual poll_rendezvous: client._paused = false
HOST: After tick(delta): client._paused = false, client_id = <RefCounted#-9223371995633154551>
HOST: Fresh client _paused = false, fresh_client_id = <RefCounted#-9223371995633154551>
HOST: RendezvousClient paused = false, udp = true, elapsed_sec = 0.570, client_state = 2
HOST: HolePunch state = 0, is_active = false
HOST: Wait loop iteration, go_file exists = false
HOST: _process_p2p called, delta=0.010000
HOST: Before poll_rendezvous: hole_punch state=0, is_active=false
HOST: Manual poll_rendezvous: hp.is_active() = false
HOST: Calling set_paused(false)
HOST: After manual poll_rendezvous: client._paused = false
HOST: After tick(delta): client._paused = false, client_id = <RefCounted#-9223371995633154551>
HOST: Fresh client _paused = false, fresh_client_id = <RefCounted#-9223371995633154551>
HOST: RendezvousClient paused = false, udp = true, elapsed_sec = 0.580, client_state = 2
HOST: HolePunch state = 0, is_active = false
HOST: Wait loop iteration, go_file exists = false
HOST: _process_p2p called, delta=0.010000
HOST: Before poll_rendezvous: hole_punch state=0, is_active=false
HOST: Manual poll_rendezvous: hp.is_active() = false
HOST: Calling set_paused(false)
HOST: After manual poll_rendezvous: client._paused = false
HOST: After tick(delta): client._paused = false, client_id = <RefCounted#-9223371995633154551>
HOST: Fresh client _paused = false, fresh_client_id = <RefCounted#-9223371995633154551>
HOST: RendezvousClient paused = false, udp = true, elapsed_sec = 0.590, client_state = 2
HOST: HolePunch state = 0, is_active = false
HOST: Wait loop iteration, go_file exists = false
HOST: _process_p2p called, delta=0.010000
HOST: Before poll_rendezvous: hole_punch state=0, is_active=false
HOST: Manual poll_rendezvous: hp.is_active() = false
HOST: Calling set_paused(false)
HOST: After manual poll_rendezvous: client._paused = false
HOST: After tick(delta): client._paused = false, client_id = <RefCounted#-9223371995633154551>
HOST: Fresh client _paused = false, fresh_client_id = <RefCounted#-9223371995633154551>
HOST: RendezvousClient paused = false, udp = true, elapsed_sec = 0.600, client_state = 2
HOST: HolePunch state = 0, is_active = false
HOST: Wait loop iteration, go_file exists = false
HOST: _process_p2p called, delta=0.010000
HOST: Before poll_rendezvous: hole_punch state=0, is_active=false
HOST: Manual poll_rendezvous: hp.is_active() = false
HOST: Calling set_paused(false)
HOST: After manual poll_rendezvous: client._paused = false
HOST: After tick(delta): client._paused = false, client_id = <RefCounted#-9223371995633154551>
HOST: Fresh client _paused = false, fresh_client_id = <RefCounted#-9223371995633154551>
HOST: RendezvousClient paused = false, udp = true, elapsed_sec = 0.610, client_state = 2
HOST: HolePunch state = 0, is_active = false
HOST: Wait loop iteration, go_file exists = false
HOST: _process_p2p called, delta=0.010000
HOST: Before poll_rendezvous: hole_punch state=0, is_active=false
HOST: Manual poll_rendezvous: hp.is_active() = false
HOST: Calling set_paused(false)
HOST: After manual poll_rendezvous: client._paused = false
HOST: After tick(delta): client._paused = false, client_id = <RefCounted#-9223371995633154551>
HOST: Fresh client _paused = false, fresh_client_id = <RefCounted#-9223371995633154551>
HOST: RendezvousClient paused = false, udp = true, elapsed_sec = 0.620, client_state = 2
HOST: HolePunch state = 0, is_active = false
HOST: Wait loop iteration, go_file exists = false
HOST: _process_p2p called, delta=0.010000
HOST: Before poll_rendezvous: hole_punch state=0, is_active=false
HOST: Manual poll_rendezvous: hp.is_active() = false
HOST: Calling set_paused(false)
HOST: After manual poll_rendezvous: client._paused = false
HOST: After tick(delta): client._paused = false, client_id = <RefCounted#-9223371995633154551>
HOST: Fresh client _paused = false, fresh_client_id = <RefCounted#-9223371995633154551>
HOST: RendezvousClient paused = false, udp = true, elapsed_sec = 0.630, client_state = 2
HOST: HolePunch state = 0, is_active = false
HOST: Wait loop iteration, go_file exists = false
HOST: _process_p2p called, delta=0.010000
HOST: Before poll_rendezvous: hole_punch state=0, is_active=false
HOST: Manual poll_rendezvous: hp.is_active() = false
HOST: Calling set_paused(false)
HOST: After manual poll_rendezvous: client._paused = false
HOST: After tick(delta): client._paused = false, client_id = <RefCounted#-9223371995633154551>
HOST: Fresh client _paused = false, fresh_client_id = <RefCounted#-9223371995633154551>
HOST: RendezvousClient paused = false, udp = true, elapsed_sec = 0.640, client_state = 2
HOST: HolePunch state = 0, is_active = false
HOST: Wait loop iteration, go_file exists = false
HOST: _process_p2p called, delta=0.010000
HOST: Before poll_rendezvous: hole_punch state=0, is_active=false
HOST: Manual poll_rendezvous: hp.is_active() = false
HOST: Calling set_paused(false)
HOST: After manual poll_rendezvous: client._paused = false
HOST: After tick(delta): client._paused = false, client_id = <RefCounted#-9223371995633154551>
HOST: Fresh client _paused = false, fresh_client_id = <RefCounted#-9223371995633154551>
HOST: RendezvousClient paused = false, udp = true, elapsed_sec = 0.650, client_state = 2
HOST: HolePunch state = 0, is_active = false
HOST: Wait loop iteration, go_file exists = false
HOST: _process_p2p called, delta=0.010000
HOST: Before poll_rendezvous: hole_punch state=0, is_active=false
HOST: Manual poll_rendezvous: hp.is_active() = false
HOST: Calling set_paused(false)
HOST: After manual poll_rendezvous: client._paused = false
HOST: After tick(delta): client._paused = false, client_id = <RefCounted#-9223371995633154551>
HOST: Fresh client _paused = false, fresh_client_id = <RefCounted#-9223371995633154551>
HOST: RendezvousClient paused = false, udp = true, elapsed_sec = 0.660, client_state = 2
HOST: HolePunch state = 0, is_active = false
HOST: Wait loop iteration, go_file exists = false
HOST: _process_p2p called, delta=0.010000
HOST: Before poll_rendezvous: hole_punch state=0, is_active=false
HOST: Manual poll_rendezvous: hp.is_active() = false
HOST: Calling set_paused(false)
HOST: After manual poll_rendezvous: client._paused = false
HOST: After tick(delta): client._paused = false, client_id = <RefCounted#-9223371995633154551>
HOST: Fresh client _paused = false, fresh_client_id = <RefCounted#-9223371995633154551>
HOST: RendezvousClient paused = false, udp = true, elapsed_sec = 0.670, client_state = 2
HOST: HolePunch state = 0, is_active = false
HOST: Wait loop iteration, go_file exists = false
HOST: _process_p2p called, delta=0.010000
HOST: Before poll_rendezvous: hole_punch state=0, is_active=false
HOST: Manual poll_rendezvous: hp.is_active() = false
HOST: Calling set_paused(false)
HOST: After manual poll_rendezvous: client._paused = false
HOST: After tick(delta): client._paused = false, client_id = <RefCounted#-9223371995633154551>
HOST: Fresh client _paused = false, fresh_client_id = <RefCounted#-9223371995633154551>
HOST: RendezvousClient paused = false, udp = true, elapsed_sec = 0.680, client_state = 2
HOST: HolePunch state = 0, is_active = false
HOST: Wait loop iteration, go_file exists = false
HOST: _process_p2p called, delta=0.010000
HOST: Before poll_rendezvous: hole_punch state=0, is_active=false
HOST: Manual poll_rendezvous: hp.is_active() = false
HOST: Calling set_paused(false)
HOST: After manual poll_rendezvous: client._paused = false
HOST: After tick(delta): client._paused = false, client_id = <RefCounted#-9223371995633154551>
HOST: Fresh client _paused = false, fresh_client_id = <RefCounted#-9223371995633154551>
HOST: RendezvousClient paused = false, udp = true, elapsed_sec = 0.690, client_state = 2
HOST: HolePunch state = 0, is_active = false
HOST: Wait loop iteration, go_file exists = false
HOST: _process_p2p called, delta=0.010000
HOST: Before poll_rendezvous: hole_punch state=0, is_active=false
HOST: Manual poll_rendezvous: hp.is_active() = false
HOST: Calling set_paused(false)
HOST: After manual poll_rendezvous: client._paused = false
HOST: After tick(delta): client._paused = false, client_id = <RefCounted#-9223371995633154551>
HOST: Fresh client _paused = false, fresh_client_id = <RefCounted#-9223371995633154551>
HOST: RendezvousClient paused = false, udp = true, elapsed_sec = 0.700, client_state = 2
HOST: HolePunch state = 0, is_active = false
HOST: Wait loop iteration, go_file exists = false
HOST: _process_p2p called, delta=0.010000
HOST: Before poll_rendezvous: hole_punch state=0, is_active=false
HOST: Manual poll_rendezvous: hp.is_active() = false
HOST: Calling set_paused(false)
HOST: After manual poll_rendezvous: client._paused = false
HOST: After tick(delta): client._paused = false, client_id = <RefCounted#-9223371995633154551>
HOST: Fresh client _paused = false, fresh_client_id = <RefCounted#-9223371995633154551>
HOST: RendezvousClient paused = false, udp = true, elapsed_sec = 0.710, client_state = 2
HOST: HolePunch state = 0, is_active = false
HOST: Wait loop iteration, go_file exists = false
HOST: _process_p2p called, delta=0.010000
HOST: Before poll_rendezvous: hole_punch state=0, is_active=false
HOST: Manual poll_rendezvous: hp.is_active() = false
HOST: Calling set_paused(false)
HOST: After manual poll_rendezvous: client._paused = false
HOST: After tick(delta): client._paused = false, client_id = <RefCounted#-9223371995633154551>
HOST: Fresh client _paused = false, fresh_client_id = <RefCounted#-9223371995633154551>
HOST: RendezvousClient paused = false, udp = true, elapsed_sec = 0.720, client_state = 2
HOST: HolePunch state = 0, is_active = false
HOST: Wait loop iteration, go_file exists = false
HOST: _process_p2p called, delta=0.010000
HOST: Before poll_rendezvous: hole_punch state=0, is_active=false
HOST: Manual poll_rendezvous: hp.is_active() = false
HOST: Calling set_paused(false)
HOST: After manual poll_rendezvous: client._paused = false
HOST: After tick(delta): client._paused = false, client_id = <RefCounted#-9223371995633154551>
HOST: Fresh client _paused = false, fresh_client_id = <RefCounted#-9223371995633154551>
HOST: RendezvousClient paused = false, udp = true, elapsed_sec = 0.730, client_state = 2
HOST: HolePunch state = 0, is_active = false
HOST: Wait loop iteration, go_file exists = false
HOST: _process_p2p called, delta=0.010000
HOST: Before poll_rendezvous: hole_punch state=0, is_active=false
HOST: Manual poll_rendezvous: hp.is_active() = false
HOST: Calling set_paused(false)
HOST: After manual poll_rendezvous: client._paused = false
HOST: After tick(delta): client._paused = false, client_id = <RefCounted#-9223371995633154551>
HOST: Fresh client _paused = false, fresh_client_id = <RefCounted#-9223371995633154551>
HOST: RendezvousClient paused = false, udp = true, elapsed_sec = 0.740, client_state = 2
HOST: HolePunch state = 0, is_active = false
HOST: Wait loop iteration, go_file exists = false
HOST: _process_p2p called, delta=0.010000
HOST: Before poll_rendezvous: hole_punch state=0, is_active=false
HOST: Manual poll_rendezvous: hp.is_active() = false
HOST: Calling set_paused(false)
HOST: After manual poll_rendezvous: client._paused = false
HOST: After tick(delta): client._paused = false, client_id = <RefCounted#-9223371995633154551>
HOST: Fresh client _paused = false, fresh_client_id = <RefCounted#-9223371995633154551>
HOST: RendezvousClient paused = false, udp = true, elapsed_sec = 0.750, client_state = 2
HOST: HolePunch state = 0, is_active = false
HOST: Wait loop iteration, go_file exists = false
HOST: _process_p2p called, delta=0.010000
HOST: Before poll_rendezvous: hole_punch state=0, is_active=false
HOST: Manual poll_rendezvous: hp.is_active() = false
HOST: Calling set_paused(false)
HOST: After manual poll_rendezvous: client._paused = false
HOST: After tick(delta): client._paused = false, client_id = <RefCounted#-9223371995633154551>
HOST: Fresh client _paused = false, fresh_client_id = <RefCounted#-9223371995633154551>
HOST: RendezvousClient paused = false, udp = true, elapsed_sec = 0.760, client_state = 2
HOST: HolePunch state = 0, is_active = false
HOST: Wait loop iteration, go_file exists = false
HOST: _process_p2p called, delta=0.010000
HOST: Before poll_rendezvous: hole_punch state=0, is_active=false
HOST: Manual poll_rendezvous: hp.is_active() = false
HOST: Calling set_paused(false)
HOST: After manual poll_rendezvous: client._paused = false
HOST: After tick(delta): client._paused = false, client_id = <RefCounted#-9223371995633154551>
HOST: Fresh client _paused = false, fresh_client_id = <RefCounted#-9223371995633154551>
HOST: RendezvousClient paused = false, udp = true, elapsed_sec = 0.770, client_state = 2
HOST: HolePunch state = 0, is_active = false
HOST: Wait loop iteration, go_file exists = false
HOST: _process_p2p called, delta=0.010000
HOST: Before poll_rendezvous: hole_punch state=0, is_active=false
HOST: Manual poll_rendezvous: hp.is_active() = false
HOST: Calling set_paused(false)
HOST: After manual poll_rendezvous: client._paused = false
HOST: After tick(delta): client._paused = false, client_id = <RefCounted#-9223371995633154551>
HOST: Fresh client _paused = false, fresh_client_id = <RefCounted#-9223371995633154551>
HOST: RendezvousClient paused = false, udp = true, elapsed_sec = 0.780, client_state = 2
HOST: HolePunch state = 0, is_active = false
HOST: Wait loop iteration, go_file exists = false
HOST: _process_p2p called, delta=0.010000
HOST: Before poll_rendezvous: hole_punch state=0, is_active=false
HOST: Manual poll_rendezvous: hp.is_active() = false
HOST: Calling set_paused(false)
HOST: After manual poll_rendezvous: client._paused = false
HOST: After tick(delta): client._paused = false, client_id = <RefCounted#-9223371995633154551>
HOST: Fresh client _paused = false, fresh_client_id = <RefCounted#-9223371995633154551>
HOST: RendezvousClient paused = false, udp = true, elapsed_sec = 0.790, client_state = 2
HOST: HolePunch state = 0, is_active = false
HOST: Wait loop iteration, go_file exists = false
HOST: _process_p2p called, delta=0.010000
HOST: Before poll_rendezvous: hole_punch state=0, is_active=false
HOST: Manual poll_rendezvous: hp.is_active() = false
HOST: Calling set_paused(false)
HOST: After manual poll_rendezvous: client._paused = false
HOST: After tick(delta): client._paused = false, client_id = <RefCounted#-9223371995633154551>
HOST: Fresh client _paused = false, fresh_client_id = <RefCounted#-9223371995633154551>
HOST: RendezvousClient paused = false, udp = true, elapsed_sec = 0.800, client_state = 2
HOST: HolePunch state = 0, is_active = false
HOST: Wait loop iteration, go_file exists = false
HOST: _process_p2p called, delta=0.010000
HOST: Before poll_rendezvous: hole_punch state=0, is_active=false
HOST: Manual poll_rendezvous: hp.is_active() = false
HOST: Calling set_paused(false)
HOST: After manual poll_rendezvous: client._paused = false
HOST: After tick(delta): client._paused = false, client_id = <RefCounted#-9223371995633154551>
HOST: Fresh client _paused = false, fresh_client_id = <RefCounted#-9223371995633154551>
HOST: RendezvousClient paused = false, udp = true, elapsed_sec = 0.810, client_state = 2
HOST: HolePunch state = 0, is_active = false
HOST: Wait loop iteration, go_file exists = false
HOST: _process_p2p called, delta=0.010000
HOST: Before poll_rendezvous: hole_punch state=0, is_active=false
HOST: Manual poll_rendezvous: hp.is_active() = false
HOST: Calling set_paused(false)
HOST: After manual poll_rendezvous: client._paused = false
HOST: After tick(delta): client._paused = false, client_id = <RefCounted#-9223371995633154551>
HOST: Fresh client _paused = false, fresh_client_id = <RefCounted#-9223371995633154551>
HOST: RendezvousClient paused = false, udp = true, elapsed_sec = 0.820, client_state = 2
HOST: HolePunch state = 0, is_active = false
HOST: Wait loop iteration, go_file exists = false
HOST: _process_p2p called, delta=0.010000
HOST: Before poll_rendezvous: hole_punch state=0, is_active=false
HOST: Manual poll_rendezvous: hp.is_active() = false
HOST: Calling set_paused(false)
HOST: After manual poll_rendezvous: client._paused = false
HOST: After tick(delta): client._paused = false, client_id = <RefCounted#-9223371995633154551>
HOST: Fresh client _paused = false, fresh_client_id = <RefCounted#-9223371995633154551>
HOST: RendezvousClient paused = false, udp = true, elapsed_sec = 0.830, client_state = 2
HOST: HolePunch state = 0, is_active = false
HOST: Wait loop iteration, go_file exists = false
HOST: _process_p2p called, delta=0.010000
HOST: Before poll_rendezvous: hole_punch state=0, is_active=false
HOST: Manual poll_rendezvous: hp.is_active() = false
HOST: Calling set_paused(false)
HOST: After manual poll_rendezvous: client._paused = false
HOST: After tick(delta): client._paused = false, client_id = <RefCounted#-9223371995633154551>
HOST: Fresh client _paused = false, fresh_client_id = <RefCounted#-9223371995633154551>
HOST: RendezvousClient paused = false, udp = true, elapsed_sec = 0.840, client_state = 2
HOST: HolePunch state = 0, is_active = false
HOST: Wait loop iteration, go_file exists = false
HOST: _process_p2p called, delta=0.010000
HOST: Before poll_rendezvous: hole_punch state=0, is_active=false
HOST: Manual poll_rendezvous: hp.is_active() = false
HOST: Calling set_paused(false)
HOST: After manual poll_rendezvous: client._paused = false
HOST: After tick(delta): client._paused = false, client_id = <RefCounted#-9223371995633154551>
HOST: Fresh client _paused = false, fresh_client_id = <RefCounted#-9223371995633154551>
HOST: RendezvousClient paused = false, udp = true, elapsed_sec = 0.850, client_state = 2
HOST: HolePunch state = 0, is_active = false
HOST: Wait loop iteration, go_file exists = false
HOST: _process_p2p called, delta=0.010000
HOST: Before poll_rendezvous: hole_punch state=0, is_active=false
HOST: Manual poll_rendezvous: hp.is_active() = false
HOST: Calling set_paused(false)
HOST: After manual poll_rendezvous: client._paused = false
HOST: After tick(delta): client._paused = false, client_id = <RefCounted#-9223371995633154551>
HOST: Fresh client _paused = false, fresh_client_id = <RefCounted#-9223371995633154551>
HOST: RendezvousClient paused = false, udp = true, elapsed_sec = 0.860, client_state = 2
HOST: HolePunch state = 0, is_active = false
HOST: Wait loop iteration, go_file exists = false
HOST: _process_p2p called, delta=0.010000
HOST: Before poll_rendezvous: hole_punch state=0, is_active=false
HOST: Manual poll_rendezvous: hp.is_active() = false
HOST: Calling set_paused(false)
HOST: After manual poll_rendezvous: client._paused = false
HOST: After tick(delta): client._paused = false, client_id = <RefCounted#-9223371995633154551>
HOST: Fresh client _paused = false, fresh_client_id = <RefCounted#-9223371995633154551>
HOST: RendezvousClient paused = false, udp = true, elapsed_sec = 0.870, client_state = 2
HOST: HolePunch state = 0, is_active = false
HOST: Wait loop iteration, go_file exists = false
HOST: _process_p2p called, delta=0.010000
HOST: Before poll_rendezvous: hole_punch state=0, is_active=false
HOST: Manual poll_rendezvous: hp.is_active() = false
HOST: Calling set_paused(false)
HOST: After manual poll_rendezvous: client._paused = false
HOST: After tick(delta): client._paused = false, client_id = <RefCounted#-9223371995633154551>
HOST: Fresh client _paused = false, fresh_client_id = <RefCounted#-9223371995633154551>
HOST: RendezvousClient paused = false, udp = true, elapsed_sec = 0.880, client_state = 2
HOST: HolePunch state = 0, is_active = false
HOST: Wait loop iteration, go_file exists = false
HOST: _process_p2p called, delta=0.010000
HOST: Before poll_rendezvous: hole_punch state=0, is_active=false
HOST: Manual poll_rendezvous: hp.is_active() = false
HOST: Calling set_paused(false)
HOST: After manual poll_rendezvous: client._paused = false
HOST: After tick(delta): client._paused = false, client_id = <RefCounted#-9223371995633154551>
HOST: Fresh client _paused = false, fresh_client_id = <RefCounted#-9223371995633154551>
HOST: RendezvousClient paused = false, udp = true, elapsed_sec = 0.890, client_state = 2
HOST: HolePunch state = 0, is_active = false
HOST: Wait loop iteration, go_file exists = false
HOST: _process_p2p called, delta=0.010000
HOST: Before poll_rendezvous: hole_punch state=0, is_active=false
HOST: Manual poll_rendezvous: hp.is_active() = false
HOST: Calling set_paused(false)
HOST: After manual poll_rendezvous: client._paused = false
HOST: After tick(delta): client._paused = false, client_id = <RefCounted#-9223371995633154551>
HOST: Fresh client _paused = false, fresh_client_id = <RefCounted#-9223371995633154551>
HOST: RendezvousClient paused = false, udp = true, elapsed_sec = 0.900, client_state = 2
HOST: HolePunch state = 0, is_active = false
HOST: Wait loop iteration, go_file exists = false
HOST: _process_p2p called, delta=0.010000
HOST: Before poll_rendezvous: hole_punch state=0, is_active=false
HOST: Manual poll_rendezvous: hp.is_active() = false
HOST: Calling set_paused(false)
HOST: After manual poll_rendezvous: client._paused = false
HOST: After tick(delta): client._paused = false, client_id = <RefCounted#-9223371995633154551>
HOST: Fresh client _paused = false, fresh_client_id = <RefCounted#-9223371995633154551>
HOST: RendezvousClient paused = false, udp = true, elapsed_sec = 0.910, client_state = 2
HOST: HolePunch state = 0, is_active = false
HOST: Wait loop iteration, go_file exists = false
HOST: _process_p2p called, delta=0.010000
HOST: Before poll_rendezvous: hole_punch state=0, is_active=false
HOST: Manual poll_rendezvous: hp.is_active() = false
HOST: Calling set_paused(false)
HOST: After manual poll_rendezvous: client._paused = false
HOST: After tick(delta): client._paused = false, client_id = <RefCounted#-9223371995633154551>
HOST: Fresh client _paused = false, fresh_client_id = <RefCounted#-9223371995633154551>
HOST: RendezvousClient paused = false, udp = true, elapsed_sec = 0.920, client_state = 2
HOST: HolePunch state = 0, is_active = false
HOST: Wait loop iteration, go_file exists = false
HOST: _process_p2p called, delta=0.010000
HOST: Before poll_rendezvous: hole_punch state=0, is_active=false
HOST: Manual poll_rendezvous: hp.is_active() = false
HOST: Calling set_paused(false)
HOST: After manual poll_rendezvous: client._paused = false
HOST: After tick(delta): client._paused = false, client_id = <RefCounted#-9223371995633154551>
HOST: Fresh client _paused = false, fresh_client_id = <RefCounted#-9223371995633154551>
HOST: RendezvousClient paused = false, udp = true, elapsed_sec = 0.930, client_state = 2
HOST: HolePunch state = 0, is_active = false
HOST: Wait loop iteration, go_file exists = false
HOST: _process_p2p called, delta=0.010000
HOST: Before poll_rendezvous: hole_punch state=0, is_active=false
HOST: Manual poll_rendezvous: hp.is_active() = false
HOST: Calling set_paused(false)
HOST: After manual poll_rendezvous: client._paused = false
HOST: After tick(delta): client._paused = false, client_id = <RefCounted#-9223371995633154551>
HOST: Fresh client _paused = false, fresh_client_id = <RefCounted#-9223371995633154551>
HOST: RendezvousClient paused = false, udp = true, elapsed_sec = 0.940, client_state = 2
HOST: HolePunch state = 0, is_active = false
HOST: Wait loop iteration, go_file exists = false
HOST: _process_p2p called, delta=0.010000
HOST: Before poll_rendezvous: hole_punch state=0, is_active=false
HOST: Manual poll_rendezvous: hp.is_active() = false
HOST: Calling set_paused(false)
HOST: After manual poll_rendezvous: client._paused = false
HOST: After tick(delta): client._paused = false, client_id = <RefCounted#-9223371995633154551>
HOST: Fresh client _paused = false, fresh_client_id = <RefCounted#-9223371995633154551>
HOST: RendezvousClient paused = false, udp = true, elapsed_sec = 0.950, client_state = 2
HOST: HolePunch state = 0, is_active = false
HOST: Wait loop iteration, go_file exists = false
HOST: _process_p2p called, delta=0.010000
HOST: Before poll_rendezvous: hole_punch state=0, is_active=false
HOST: Manual poll_rendezvous: hp.is_active() = false
HOST: Calling set_paused(false)
HOST: After manual poll_rendezvous: client._paused = false
HOST: After tick(delta): client._paused = false, client_id = <RefCounted#-9223371995633154551>
HOST: Fresh client _paused = false, fresh_client_id = <RefCounted#-9223371995633154551>
HOST: RendezvousClient paused = false, udp = true, elapsed_sec = 0.960, client_state = 2
HOST: HolePunch state = 0, is_active = false
HOST: Wait loop iteration, go_file exists = false
HOST: _process_p2p called, delta=0.010000
HOST: Before poll_rendezvous: hole_punch state=0, is_active=false
HOST: Manual poll_rendezvous: hp.is_active() = false
HOST: Calling set_paused(false)
HOST: After manual poll_rendezvous: client._paused = false
HOST: After tick(delta): client._paused = false, client_id = <RefCounted#-9223371995633154551>
HOST: Fresh client _paused = false, fresh_client_id = <RefCounted#-9223371995633154551>
HOST: RendezvousClient paused = false, udp = true, elapsed_sec = 0.970, client_state = 2
HOST: HolePunch state = 0, is_active = false
HOST: Wait loop iteration, go_file exists = false
HOST: _process_p2p called, delta=0.010000
HOST: Before poll_rendezvous: hole_punch state=0, is_active=false
HOST: Manual poll_rendezvous: hp.is_active() = false
HOST: Calling set_paused(false)
HOST: After manual poll_rendezvous: client._paused = false
HOST: After tick(delta): client._paused = false, client_id = <RefCounted#-9223371995633154551>
HOST: Fresh client _paused = false, fresh_client_id = <RefCounted#-9223371995633154551>
HOST: RendezvousClient paused = false, udp = true, elapsed_sec = 0.980, client_state = 2
HOST: HolePunch state = 0, is_active = false
HOST: Wait loop iteration, go_file exists = false
HOST: _process_p2p called, delta=0.010000
HOST: Before poll_rendezvous: hole_punch state=0, is_active=false
HOST: Manual poll_rendezvous: hp.is_active() = false
HOST: Calling set_paused(false)
HOST: After manual poll_rendezvous: client._paused = false
HOST: After tick(delta): client._paused = false, client_id = <RefCounted#-9223371995633154551>
HOST: Fresh client _paused = false, fresh_client_id = <RefCounted#-9223371995633154551>
HOST: RendezvousClient paused = false, udp = true, elapsed_sec = 0.990, client_state = 2
HOST: HolePunch state = 0, is_active = false
HOST: Wait loop iteration, go_file exists = false
HOST: _process_p2p called, delta=0.010000
HOST: Before poll_rendezvous: hole_punch state=0, is_active=false
HOST: Manual poll_rendezvous: hp.is_active() = false
HOST: Calling set_paused(false)
HOST: After manual poll_rendezvous: client._paused = false
HOST: After tick(delta): client._paused = false, client_id = <RefCounted#-9223371995633154551>
HOST: Fresh client _paused = false, fresh_client_id = <RefCounted#-9223371995633154551>
HOST: RendezvousClient paused = false, udp = true, elapsed_sec = 1.000, client_state = 2
HOST: HolePunch state = 0, is_active = false
HOST: Wait loop iteration, go_file exists = false
HOST: _process_p2p called, delta=0.010000
HOST: Before poll_rendezvous: hole_punch state=0, is_active=false
HOST: Manual poll_rendezvous: hp.is_active() = false
HOST: Calling set_paused(false)
HOST: After manual poll_rendezvous: client._paused = false
HOST: After tick(delta): client._paused = false, client_id = <RefCounted#-9223371995633154551>
HOST: Fresh client _paused = false, fresh_client_id = <RefCounted#-9223371995633154551>
HOST: RendezvousClient paused = false, udp = true, elapsed_sec = 1.010, client_state = 2
HOST: HolePunch state = 0, is_active = false
HOST: Wait loop iteration, go_file exists = false
HOST: _process_p2p called, delta=0.010000
HOST: Before poll_rendezvous: hole_punch state=0, is_active=false
HOST: Manual poll_rendezvous: hp.is_active() = false
HOST: Calling set_paused(false)
HOST: After manual poll_rendezvous: client._paused = false
HOST: After tick(delta): client._paused = false, client_id = <RefCounted#-9223371995633154551>
HOST: Fresh client _paused = false, fresh_client_id = <RefCounted#-9223371995633154551>
HOST: RendezvousClient paused = false, udp = true, elapsed_sec = 1.020, client_state = 2
HOST: HolePunch state = 0, is_active = false
HOST: Wait loop iteration, go_file exists = false
HOST: _process_p2p called, delta=0.010000
HOST: Before poll_rendezvous: hole_punch state=0, is_active=false
HOST: Manual poll_rendezvous: hp.is_active() = false
HOST: Calling set_paused(false)
HOST: After manual poll_rendezvous: client._paused = false
HOST: After tick(delta): client._paused = false, client_id = <RefCounted#-9223371995633154551>
HOST: Fresh client _paused = false, fresh_client_id = <RefCounted#-9223371995633154551>
HOST: RendezvousClient paused = false, udp = true, elapsed_sec = 1.030, client_state = 2
HOST: HolePunch state = 0, is_active = false
HOST: Wait loop iteration, go_file exists = false
HOST: _process_p2p called, delta=0.010000
HOST: Before poll_rendezvous: hole_punch state=0, is_active=false
HOST: Manual poll_rendezvous: hp.is_active() = false
HOST: Calling set_paused(false)
HOST: After manual poll_rendezvous: client._paused = false
HOST: After tick(delta): client._paused = false, client_id = <RefCounted#-9223371995633154551>
HOST: Fresh client _paused = false, fresh_client_id = <RefCounted#-9223371995633154551>
HOST: RendezvousClient paused = false, udp = true, elapsed_sec = 1.040, client_state = 2
HOST: HolePunch state = 0, is_active = false
HOST: Wait loop iteration, go_file exists = false
HOST: _process_p2p called, delta=0.010000
HOST: Before poll_rendezvous: hole_punch state=0, is_active=false
HOST: Manual poll_rendezvous: hp.is_active() = false
HOST: Calling set_paused(false)
HOST: After manual poll_rendezvous: client._paused = false
HOST: After tick(delta): client._paused = false, client_id = <RefCounted#-9223371995633154551>
HOST: Fresh client _paused = false, fresh_client_id = <RefCounted#-9223371995633154551>
HOST: RendezvousClient paused = false, udp = true, elapsed_sec = 1.050, client_state = 2
HOST: HolePunch state = 0, is_active = false
HOST: Wait loop iteration, go_file exists = false
HOST: _process_p2p called, delta=0.010000
HOST: Before poll_rendezvous: hole_punch state=0, is_active=false
HOST: Manual poll_rendezvous: hp.is_active() = false
HOST: Calling set_paused(false)
HOST: After manual poll_rendezvous: client._paused = false
HOST: After tick(delta): client._paused = false, client_id = <RefCounted#-9223371995633154551>
HOST: Fresh client _paused = false, fresh_client_id = <RefCounted#-9223371995633154551>
HOST: RendezvousClient paused = false, udp = true, elapsed_sec = 1.060, client_state = 2
HOST: HolePunch state = 0, is_active = false
HOST: Wait loop iteration, go_file exists = false
HOST: _process_p2p called, delta=0.010000
HOST: Before poll_rendezvous: hole_punch state=0, is_active=false
HOST: Manual poll_rendezvous: hp.is_active() = false
HOST: Calling set_paused(false)
HOST: After manual poll_rendezvous: client._paused = false
HOST: After tick(delta): client._paused = false, client_id = <RefCounted#-9223371995633154551>
HOST: Fresh client _paused = false, fresh_client_id = <RefCounted#-9223371995633154551>
HOST: RendezvousClient paused = false, udp = true, elapsed_sec = 1.070, client_state = 2
HOST: HolePunch state = 0, is_active = false
HOST: Wait loop iteration, go_file exists = false
HOST: _process_p2p called, delta=0.010000
HOST: Before poll_rendezvous: hole_punch state=0, is_active=false
HOST: Manual poll_rendezvous: hp.is_active() = false
HOST: Calling set_paused(false)
HOST: After manual poll_rendezvous: client._paused = false
HOST: After tick(delta): client._paused = false, client_id = <RefCounted#-9223371995633154551>
HOST: Fresh client _paused = false, fresh_client_id = <RefCounted#-9223371995633154551>
HOST: RendezvousClient paused = false, udp = true, elapsed_sec = 1.080, client_state = 2
HOST: HolePunch state = 0, is_active = false
HOST: Wait loop iteration, go_file exists = false
HOST: _process_p2p called, delta=0.010000
HOST: Before poll_rendezvous: hole_punch state=0, is_active=false
HOST: Manual poll_rendezvous: hp.is_active() = false
HOST: Calling set_paused(false)
HOST: After manual poll_rendezvous: client._paused = false
HOST: After tick(delta): client._paused = false, client_id = <RefCounted#-9223371995633154551>
HOST: Fresh client _paused = false, fresh_client_id = <RefCounted#-9223371995633154551>
HOST: RendezvousClient paused = false, udp = true, elapsed_sec = 1.090, client_state = 2
HOST: HolePunch state = 0, is_active = false
HOST: Wait loop iteration, go_file exists = false
HOST: _process_p2p called, delta=0.010000
HOST: Before poll_rendezvous: hole_punch state=0, is_active=false
HOST: Manual poll_rendezvous: hp.is_active() = false
HOST: Calling set_paused(false)
HOST: After manual poll_rendezvous: client._paused = false
HOST: After tick(delta): client._paused = false, client_id = <RefCounted#-9223371995633154551>
HOST: Fresh client _paused = false, fresh_client_id = <RefCounted#-9223371995633154551>
HOST: RendezvousClient paused = false, udp = true, elapsed_sec = 1.100, client_state = 2
HOST: HolePunch state = 0, is_active = false
HOST: Wait loop iteration, go_file exists = false
HOST: _process_p2p called, delta=0.010000
HOST: Before poll_rendezvous: hole_punch state=0, is_active=false
HOST: Manual poll_rendezvous: hp.is_active() = false
HOST: Calling set_paused(false)
HOST: After manual poll_rendezvous: client._paused = false
HOST: After tick(delta): client._paused = false, client_id = <RefCounted#-9223371995633154551>
HOST: Fresh client _paused = false, fresh_client_id = <RefCounted#-9223371995633154551>
HOST: RendezvousClient paused = false, udp = true, elapsed_sec = 1.110, client_state = 2
HOST: HolePunch state = 0, is_active = false
HOST: Wait loop iteration, go_file exists = false
HOST: _process_p2p called, delta=0.010000
HOST: Before poll_rendezvous: hole_punch state=0, is_active=false
HOST: Manual poll_rendezvous: hp.is_active() = false
HOST: Calling set_paused(false)
HOST: After manual poll_rendezvous: client._paused = false
HOST: After tick(delta): client._paused = false, client_id = <RefCounted#-9223371995633154551>
HOST: Fresh client _paused = false, fresh_client_id = <RefCounted#-9223371995633154551>
HOST: RendezvousClient paused = false, udp = true, elapsed_sec = 1.120, client_state = 2
HOST: HolePunch state = 0, is_active = false
HOST: Wait loop iteration, go_file exists = false
HOST: _process_p2p called, delta=0.010000
HOST: Before poll_rendezvous: hole_punch state=0, is_active=false
HOST: Manual poll_rendezvous: hp.is_active() = false
HOST: Calling set_paused(false)
HOST: After manual poll_rendezvous: client._paused = false
HOST: After tick(delta): client._paused = false, client_id = <RefCounted#-9223371995633154551>
HOST: Fresh client _paused = false, fresh_client_id = <RefCounted#-9223371995633154551>
HOST: RendezvousClient paused = false, udp = true, elapsed_sec = 1.130, client_state = 2
HOST: HolePunch state = 0, is_active = false
HOST: Wait loop iteration, go_file exists = false
HOST: _process_p2p called, delta=0.010000
HOST: Before poll_rendezvous: hole_punch state=0, is_active=false
HOST: Manual poll_rendezvous: hp.is_active() = false
HOST: Calling set_paused(false)
HOST: After manual poll_rendezvous: client._paused = false
HOST: After tick(delta): client._paused = false, client_id = <RefCounted#-9223371995633154551>
HOST: Fresh client _paused = false, fresh_client_id = <RefCounted#-9223371995633154551>
HOST: RendezvousClient paused = false, udp = true, elapsed_sec = 1.140, client_state = 2
HOST: HolePunch state = 0, is_active = false
HOST: Wait loop iteration, go_file exists = false
HOST: _process_p2p called, delta=0.010000
HOST: Before poll_rendezvous: hole_punch state=0, is_active=false
HOST: Manual poll_rendezvous: hp.is_active() = false
HOST: Calling set_paused(false)
HOST: After manual poll_rendezvous: client._paused = false
HOST: After tick(delta): client._paused = false, client_id = <RefCounted#-9223371995633154551>
HOST: Fresh client _paused = false, fresh_client_id = <RefCounted#-9223371995633154551>
HOST: RendezvousClient paused = false, udp = true, elapsed_sec = 1.150, client_state = 2
HOST: HolePunch state = 0, is_active = false
HOST: Wait loop iteration, go_file exists = false
HOST: _process_p2p called, delta=0.010000
HOST: Before poll_rendezvous: hole_punch state=0, is_active=false
HOST: Manual poll_rendezvous: hp.is_active() = false
HOST: Calling set_paused(false)
HOST: After manual poll_rendezvous: client._paused = false
HOST: After tick(delta): client._paused = false, client_id = <RefCounted#-9223371995633154551>
HOST: Fresh client _paused = false, fresh_client_id = <RefCounted#-9223371995633154551>
HOST: RendezvousClient paused = false, udp = true, elapsed_sec = 1.160, client_state = 2
HOST: HolePunch state = 0, is_active = false
HOST: Wait loop iteration, go_file exists = false
HOST: _process_p2p called, delta=0.010000
HOST: Before poll_rendezvous: hole_punch state=0, is_active=false
HOST: Manual poll_rendezvous: hp.is_active() = false
HOST: Calling set_paused(false)
HOST: After manual poll_rendezvous: client._paused = false
HOST: After tick(delta): client._paused = false, client_id = <RefCounted#-9223371995633154551>
HOST: Fresh client _paused = false, fresh_client_id = <RefCounted#-9223371995633154551>
HOST: RendezvousClient paused = false, udp = true, elapsed_sec = 1.170, client_state = 2
HOST: HolePunch state = 0, is_active = false
HOST: Wait loop iteration, go_file exists = false
HOST: _process_p2p called, delta=0.010000
HOST: Before poll_rendezvous: hole_punch state=0, is_active=false
HOST: Manual poll_rendezvous: hp.is_active() = false
HOST: Calling set_paused(false)
HOST: After manual poll_rendezvous: client._paused = false
HOST: After tick(delta): client._paused = false, client_id = <RefCounted#-9223371995633154551>
HOST: Fresh client _paused = false, fresh_client_id = <RefCounted#-9223371995633154551>
HOST: RendezvousClient paused = false, udp = true, elapsed_sec = 1.180, client_state = 2
HOST: HolePunch state = 0, is_active = false
HOST: Wait loop iteration, go_file exists = false
HOST: _process_p2p called, delta=0.010000
HOST: Before poll_rendezvous: hole_punch state=0, is_active=false
HOST: Manual poll_rendezvous: hp.is_active() = false
HOST: Calling set_paused(false)
HOST: After manual poll_rendezvous: client._paused = false
HOST: After tick(delta): client._paused = false, client_id = <RefCounted#-9223371995633154551>
HOST: Fresh client _paused = false, fresh_client_id = <RefCounted#-9223371995633154551>
HOST: RendezvousClient paused = false, udp = true, elapsed_sec = 1.190, client_state = 2
HOST: HolePunch state = 0, is_active = false
HOST: Wait loop iteration, go_file exists = false
HOST: _process_p2p called, delta=0.010000
HOST: Before poll_rendezvous: hole_punch state=0, is_active=false
HOST: Manual poll_rendezvous: hp.is_active() = false
HOST: Calling set_paused(false)
HOST: After manual poll_rendezvous: client._paused = false
HOST: After tick(delta): client._paused = false, client_id = <RefCounted#-9223371995633154551>
HOST: Fresh client _paused = false, fresh_client_id = <RefCounted#-9223371995633154551>
HOST: RendezvousClient paused = false, udp = true, elapsed_sec = 1.200, client_state = 2
HOST: HolePunch state = 0, is_active = false
HOST: Wait loop iteration, go_file exists = false
HOST: _process_p2p called, delta=0.010000
HOST: Before poll_rendezvous: hole_punch state=0, is_active=false
HOST: Manual poll_rendezvous: hp.is_active() = false
HOST: Calling set_paused(false)
HOST: After manual poll_rendezvous: client._paused = false
HOST: After tick(delta): client._paused = false, client_id = <RefCounted#-9223371995633154551>
HOST: Fresh client _paused = false, fresh_client_id = <RefCounted#-9223371995633154551>
HOST: RendezvousClient paused = false, udp = true, elapsed_sec = 1.210, client_state = 2
HOST: HolePunch state = 0, is_active = false
HOST: Wait loop iteration, go_file exists = false
HOST: _process_p2p called, delta=0.010000
HOST: Before poll_rendezvous: hole_punch state=0, is_active=false
HOST: Manual poll_rendezvous: hp.is_active() = false
HOST: Calling set_paused(false)
HOST: After manual poll_rendezvous: client._paused = false
HOST: After tick(delta): client._paused = false, client_id = <RefCounted#-9223371995633154551>
HOST: Fresh client _paused = false, fresh_client_id = <RefCounted#-9223371995633154551>
HOST: RendezvousClient paused = false, udp = true, elapsed_sec = 1.220, client_state = 2
HOST: HolePunch state = 0, is_active = false
HOST: Wait loop iteration, go_file exists = false
HOST: _process_p2p called, delta=0.010000
HOST: Before poll_rendezvous: hole_punch state=0, is_active=false
HOST: Manual poll_rendezvous: hp.is_active() = false
HOST: Calling set_paused(false)
HOST: After manual poll_rendezvous: client._paused = false
HOST: After tick(delta): client._paused = false, client_id = <RefCounted#-9223371995633154551>
HOST: Fresh client _paused = false, fresh_client_id = <RefCounted#-9223371995633154551>
HOST: RendezvousClient paused = false, udp = true, elapsed_sec = 1.230, client_state = 2
HOST: HolePunch state = 0, is_active = false
HOST: Wait loop iteration, go_file exists = false
HOST: _process_p2p called, delta=0.010000
HOST: Before poll_rendezvous: hole_punch state=0, is_active=false
HOST: Manual poll_rendezvous: hp.is_active() = false
HOST: Calling set_paused(false)
HOST: After manual poll_rendezvous: client._paused = false
HOST: After tick(delta): client._paused = false, client_id = <RefCounted#-9223371995633154551>
HOST: Fresh client _paused = false, fresh_client_id = <RefCounted#-9223371995633154551>
HOST: RendezvousClient paused = false, udp = true, elapsed_sec = 1.240, client_state = 2
HOST: HolePunch state = 0, is_active = false
HOST: Wait loop iteration, go_file exists = false
HOST: _process_p2p called, delta=0.010000
HOST: Before poll_rendezvous: hole_punch state=0, is_active=false
HOST: Manual poll_rendezvous: hp.is_active() = false
HOST: Calling set_paused(false)
HOST: After manual poll_rendezvous: client._paused = false
HOST: After tick(delta): client._paused = false, client_id = <RefCounted#-9223371995633154551>
HOST: Fresh client _paused = false, fresh_client_id = <RefCounted#-9223371995633154551>
HOST: RendezvousClient paused = false, udp = true, elapsed_sec = 1.250, client_state = 2
HOST: HolePunch state = 0, is_active = false
HOST: Wait loop iteration, go_file exists = false
HOST: _process_p2p called, delta=0.010000
HOST: Before poll_rendezvous: hole_punch state=0, is_active=false
HOST: Manual poll_rendezvous: hp.is_active() = false
HOST: Calling set_paused(false)
HOST: After manual poll_rendezvous: client._paused = false
HOST: After tick(delta): client._paused = false, client_id = <RefCounted#-9223371995633154551>
HOST: Fresh client _paused = false, fresh_client_id = <RefCounted#-9223371995633154551>
HOST: RendezvousClient paused = false, udp = true, elapsed_sec = 1.260, client_state = 2
HOST: HolePunch state = 0, is_active = false
HOST: Wait loop iteration, go_file exists = false
HOST: _process_p2p called, delta=0.010000
HOST: Before poll_rendezvous: hole_punch state=0, is_active=false
HOST: Manual poll_rendezvous: hp.is_active() = false
HOST: Calling set_paused(false)
HOST: After manual poll_rendezvous: client._paused = false
HOST: After tick(delta): client._paused = false, client_id = <RefCounted#-9223371995633154551>
HOST: Fresh client _paused = false, fresh_client_id = <RefCounted#-9223371995633154551>
HOST: RendezvousClient paused = false, udp = true, elapsed_sec = 1.270, client_state = 2
HOST: HolePunch state = 0, is_active = false
HOST: Wait loop iteration, go_file exists = false
HOST: _process_p2p called, delta=0.010000
HOST: Before poll_rendezvous: hole_punch state=0, is_active=false
HOST: Manual poll_rendezvous: hp.is_active() = false
HOST: Calling set_paused(false)
HOST: After manual poll_rendezvous: client._paused = false
HOST: After tick(delta): client._paused = false, client_id = <RefCounted#-9223371995633154551>
HOST: Fresh client _paused = false, fresh_client_id = <RefCounted#-9223371995633154551>
HOST: RendezvousClient paused = false, udp = true, elapsed_sec = 1.280, client_state = 2
HOST: HolePunch state = 0, is_active = false
HOST: Wait loop iteration, go_file exists = false
HOST: _process_p2p called, delta=0.010000
HOST: Before poll_rendezvous: hole_punch state=0, is_active=false
HOST: Manual poll_rendezvous: hp.is_active() = false
HOST: Calling set_paused(false)
HOST: After manual poll_rendezvous: client._paused = false
HOST: After tick(delta): client._paused = false, client_id = <RefCounted#-9223371995633154551>
HOST: Fresh client _paused = false, fresh_client_id = <RefCounted#-9223371995633154551>
HOST: RendezvousClient paused = false, udp = true, elapsed_sec = 1.290, client_state = 2
HOST: HolePunch state = 0, is_active = false
HOST: Wait loop iteration, go_file exists = false
HOST: _process_p2p called, delta=0.010000
HOST: Before poll_rendezvous: hole_punch state=0, is_active=false
HOST: Manual poll_rendezvous: hp.is_active() = false
HOST: Calling set_paused(false)
HOST: After manual poll_rendezvous: client._paused = false
HOST: After tick(delta): client._paused = false, client_id = <RefCounted#-9223371995633154551>
HOST: Fresh client _paused = false, fresh_client_id = <RefCounted#-9223371995633154551>
HOST: RendezvousClient paused = false, udp = true, elapsed_sec = 1.300, client_state = 2
HOST: HolePunch state = 0, is_active = false
HOST: Wait loop iteration, go_file exists = false
HOST: _process_p2p called, delta=0.010000
HOST: Before poll_rendezvous: hole_punch state=0, is_active=false
HOST: Manual poll_rendezvous: hp.is_active() = false
HOST: Calling set_paused(false)
HOST: After manual poll_rendezvous: client._paused = false
HOST: After tick(delta): client._paused = false, client_id = <RefCounted#-9223371995633154551>
HOST: Fresh client _paused = false, fresh_client_id = <RefCounted#-9223371995633154551>
HOST: RendezvousClient paused = false, udp = true, elapsed_sec = 1.310, client_state = 2
HOST: HolePunch state = 0, is_active = false
HOST: Wait loop iteration, go_file exists = false
HOST: _process_p2p called, delta=0.010000
HOST: Before poll_rendezvous: hole_punch state=0, is_active=false
HOST: Manual poll_rendezvous: hp.is_active() = false
HOST: Calling set_paused(false)
HOST: After manual poll_rendezvous: client._paused = false
HOST: After tick(delta): client._paused = false, client_id = <RefCounted#-9223371995633154551>
HOST: Fresh client _paused = false, fresh_client_id = <RefCounted#-9223371995633154551>
HOST: RendezvousClient paused = false, udp = true, elapsed_sec = 1.320, client_state = 2
HOST: HolePunch state = 0, is_active = false
HOST: Wait loop iteration, go_file exists = false
HOST: _process_p2p called, delta=0.010000
HOST: Before poll_rendezvous: hole_punch state=0, is_active=false
HOST: Manual poll_rendezvous: hp.is_active() = false
HOST: Calling set_paused(false)
HOST: After manual poll_rendezvous: client._paused = false
HOST: After tick(delta): client._paused = false, client_id = <RefCounted#-9223371995633154551>
HOST: Fresh client _paused = false, fresh_client_id = <RefCounted#-9223371995633154551>
HOST: RendezvousClient paused = false, udp = true, elapsed_sec = 1.330, client_state = 2
HOST: HolePunch state = 0, is_active = false
HOST: Wait loop iteration, go_file exists = false
HOST: _process_p2p called, delta=0.010000
HOST: Before poll_rendezvous: hole_punch state=0, is_active=false
HOST: Manual poll_rendezvous: hp.is_active() = false
HOST: Calling set_paused(false)
HOST: After manual poll_rendezvous: client._paused = false
HOST: After tick(delta): client._paused = false, client_id = <RefCounted#-9223371995633154551>
HOST: Fresh client _paused = false, fresh_client_id = <RefCounted#-9223371995633154551>
HOST: RendezvousClient paused = false, udp = true, elapsed_sec = 1.340, client_state = 2
HOST: HolePunch state = 0, is_active = false
HOST: Wait loop iteration, go_file exists = false
HOST: _process_p2p called, delta=0.010000
HOST: Before poll_rendezvous: hole_punch state=0, is_active=false
HOST: Manual poll_rendezvous: hp.is_active() = false
HOST: Calling set_paused(false)
HOST: After manual poll_rendezvous: client._paused = false
HOST: After tick(delta): client._paused = false, client_id = <RefCounted#-9223371995633154551>
HOST: Fresh client _paused = false, fresh_client_id = <RefCounted#-9223371995633154551>
HOST: RendezvousClient paused = false, udp = true, elapsed_sec = 1.350, client_state = 2
HOST: HolePunch state = 0, is_active = false
HOST: Wait loop iteration, go_file exists = false
HOST: _process_p2p called, delta=0.010000
HOST: Before poll_rendezvous: hole_punch state=0, is_active=false
HOST: Manual poll_rendezvous: hp.is_active() = false
HOST: Calling set_paused(false)
HOST: After manual poll_rendezvous: client._paused = false
HOST: After tick(delta): client._paused = false, client_id = <RefCounted#-9223371995633154551>
HOST: Fresh client _paused = false, fresh_client_id = <RefCounted#-9223371995633154551>
HOST: RendezvousClient paused = false, udp = true, elapsed_sec = 1.360, client_state = 2
HOST: HolePunch state = 0, is_active = false
HOST: Wait loop iteration, go_file exists = false
HOST: _process_p2p called, delta=0.010000
HOST: Before poll_rendezvous: hole_punch state=0, is_active=false
HOST: Manual poll_rendezvous: hp.is_active() = false
HOST: Calling set_paused(false)
HOST: After manual poll_rendezvous: client._paused = false
HOST: After tick(delta): client._paused = false, client_id = <RefCounted#-9223371995633154551>
HOST: Fresh client _paused = false, fresh_client_id = <RefCounted#-9223371995633154551>
HOST: RendezvousClient paused = false, udp = true, elapsed_sec = 1.370, client_state = 2
HOST: HolePunch state = 0, is_active = false
HOST: Wait loop iteration, go_file exists = false
HOST: _process_p2p called, delta=0.010000
HOST: Before poll_rendezvous: hole_punch state=0, is_active=false
HOST: Manual poll_rendezvous: hp.is_active() = false
HOST: Calling set_paused(false)
HOST: After manual poll_rendezvous: client._paused = false
HOST: After tick(delta): client._paused = false, client_id = <RefCounted#-9223371995633154551>
HOST: Fresh client _paused = false, fresh_client_id = <RefCounted#-9223371995633154551>
HOST: RendezvousClient paused = false, udp = true, elapsed_sec = 1.380, client_state = 2
HOST: HolePunch state = 0, is_active = false
HOST: Wait loop iteration, go_file exists = false
HOST: _process_p2p called, delta=0.010000
HOST: Before poll_rendezvous: hole_punch state=0, is_active=false
HOST: Manual poll_rendezvous: hp.is_active() = false
HOST: Calling set_paused(false)
HOST: After manual poll_rendezvous: client._paused = false
HOST: After tick(delta): client._paused = false, client_id = <RefCounted#-9223371995633154551>
HOST: Fresh client _paused = false, fresh_client_id = <RefCounted#-9223371995633154551>
HOST: RendezvousClient paused = false, udp = true, elapsed_sec = 1.390, client_state = 2
HOST: HolePunch state = 0, is_active = false
HOST: Wait loop iteration, go_file exists = false
HOST: _process_p2p called, delta=0.010000
HOST: Before poll_rendezvous: hole_punch state=0, is_active=false
HOST: Manual poll_rendezvous: hp.is_active() = false
HOST: Calling set_paused(false)
HOST: After manual poll_rendezvous: client._paused = false
HOST: After tick(delta): client._paused = false, client_id = <RefCounted#-9223371995633154551>
HOST: Fresh client _paused = false, fresh_client_id = <RefCounted#-9223371995633154551>
HOST: RendezvousClient paused = false, udp = true, elapsed_sec = 1.400, client_state = 2
HOST: HolePunch state = 0, is_active = false
HOST: Wait loop iteration, go_file exists = false
HOST: _process_p2p called, delta=0.010000
HOST: Before poll_rendezvous: hole_punch state=0, is_active=false
HOST: Manual poll_rendezvous: hp.is_active() = false
HOST: Calling set_paused(false)
HOST: After manual poll_rendezvous: client._paused = false
HOST: After tick(delta): client._paused = false, client_id = <RefCounted#-9223371995633154551>
HOST: Fresh client _paused = false, fresh_client_id = <RefCounted#-9223371995633154551>
HOST: RendezvousClient paused = false, udp = true, elapsed_sec = 1.410, client_state = 2
HOST: HolePunch state = 0, is_active = false
HOST: Wait loop iteration, go_file exists = false
HOST: _process_p2p called, delta=0.010000
HOST: Before poll_rendezvous: hole_punch state=0, is_active=false
HOST: Manual poll_rendezvous: hp.is_active() = false
HOST: Calling set_paused(false)
HOST: After manual poll_rendezvous: client._paused = false
HOST: After tick(delta): client._paused = false, client_id = <RefCounted#-9223371995633154551>
HOST: Fresh client _paused = false, fresh_client_id = <RefCounted#-9223371995633154551>
HOST: RendezvousClient paused = false, udp = true, elapsed_sec = 1.420, client_state = 2
HOST: HolePunch state = 0, is_active = false
HOST: Wait loop iteration, go_file exists = false
HOST: _process_p2p called, delta=0.010000
HOST: Before poll_rendezvous: hole_punch state=0, is_active=false
HOST: Manual poll_rendezvous: hp.is_active() = false
HOST: Calling set_paused(false)
HOST: After manual poll_rendezvous: client._paused = false
HOST: After tick(delta): client._paused = false, client_id = <RefCounted#-9223371995633154551>
HOST: Fresh client _paused = false, fresh_client_id = <RefCounted#-9223371995633154551>
HOST: RendezvousClient paused = false, udp = true, elapsed_sec = 1.430, client_state = 2
HOST: HolePunch state = 0, is_active = false
HOST: Wait loop iteration, go_file exists = false
HOST: _process_p2p called, delta=0.010000
HOST: Before poll_rendezvous: hole_punch state=0, is_active=false
HOST: Manual poll_rendezvous: hp.is_active() = false
HOST: Calling set_paused(false)
HOST: After manual poll_rendezvous: client._paused = false
HOST: After tick(delta): client._paused = false, client_id = <RefCounted#-9223371995633154551>
HOST: Fresh client _paused = false, fresh_client_id = <RefCounted#-9223371995633154551>
HOST: RendezvousClient paused = false, udp = true, elapsed_sec = 1.440, client_state = 2
HOST: HolePunch state = 0, is_active = false
HOST: Wait loop iteration, go_file exists = false
HOST: _process_p2p called, delta=0.010000
HOST: Before poll_rendezvous: hole_punch state=0, is_active=false
HOST: Manual poll_rendezvous: hp.is_active() = false
HOST: Calling set_paused(false)
HOST: After manual poll_rendezvous: client._paused = false
HOST: After tick(delta): client._paused = false, client_id = <RefCounted#-9223371995633154551>
HOST: Fresh client _paused = false, fresh_client_id = <RefCounted#-9223371995633154551>
HOST: RendezvousClient paused = false, udp = true, elapsed_sec = 1.450, client_state = 2
HOST: HolePunch state = 0, is_active = false
HOST: Wait loop iteration, go_file exists = false
HOST: _process_p2p called, delta=0.010000
HOST: Before poll_rendezvous: hole_punch state=0, is_active=false
HOST: Manual poll_rendezvous: hp.is_active() = false
HOST: Calling set_paused(false)
HOST: After manual poll_rendezvous: client._paused = false
HOST: After tick(delta): client._paused = false, client_id = <RefCounted#-9223371995633154551>
HOST: Fresh client _paused = false, fresh_client_id = <RefCounted#-9223371995633154551>
HOST: RendezvousClient paused = false, udp = true, elapsed_sec = 1.460, client_state = 2
HOST: HolePunch state = 0, is_active = false
HOST: Wait loop iteration, go_file exists = false
HOST: _process_p2p called, delta=0.010000
HOST: Before poll_rendezvous: hole_punch state=0, is_active=false
HOST: Manual poll_rendezvous: hp.is_active() = false
HOST: Calling set_paused(false)
HOST: After manual poll_rendezvous: client._paused = false
HOST: After tick(delta): client._paused = false, client_id = <RefCounted#-9223371995633154551>
HOST: Fresh client _paused = false, fresh_client_id = <RefCounted#-9223371995633154551>
HOST: RendezvousClient paused = false, udp = true, elapsed_sec = 1.470, client_state = 2
HOST: HolePunch state = 0, is_active = false
HOST: Wait loop iteration, go_file exists = false
HOST: _process_p2p called, delta=0.010000
HOST: Before poll_rendezvous: hole_punch state=0, is_active=false
HOST: Manual poll_rendezvous: hp.is_active() = false
HOST: Calling set_paused(false)
HOST: After manual poll_rendezvous: client._paused = false
HOST: After tick(delta): client._paused = false, client_id = <RefCounted#-9223371995633154551>
HOST: Fresh client _paused = false, fresh_client_id = <RefCounted#-9223371995633154551>
HOST: RendezvousClient paused = false, udp = true, elapsed_sec = 1.480, client_state = 2
HOST: HolePunch state = 0, is_active = false
HOST: Wait loop iteration, go_file exists = false
HOST: _process_p2p called, delta=0.010000
HOST: Before poll_rendezvous: hole_punch state=0, is_active=false
HOST: Manual poll_rendezvous: hp.is_active() = false
HOST: Calling set_paused(false)
HOST: After manual poll_rendezvous: client._paused = false
HOST: After tick(delta): client._paused = false, client_id = <RefCounted#-9223371995633154551>
HOST: Fresh client _paused = false, fresh_client_id = <RefCounted#-9223371995633154551>
HOST: RendezvousClient paused = false, udp = true, elapsed_sec = 1.490, client_state = 2
HOST: HolePunch state = 0, is_active = false
HOST: Wait loop iteration, go_file exists = false
HOST: _process_p2p called, delta=0.010000
HOST: Before poll_rendezvous: hole_punch state=0, is_active=false
HOST: Manual poll_rendezvous: hp.is_active() = false
HOST: Calling set_paused(false)
HOST: After manual poll_rendezvous: client._paused = false
HOST: After tick(delta): client._paused = false, client_id = <RefCounted#-9223371995633154551>
HOST: Fresh client _paused = false, fresh_client_id = <RefCounted#-9223371995633154551>
HOST: RendezvousClient paused = false, udp = true, elapsed_sec = 1.500, client_state = 2
HOST: HolePunch state = 0, is_active = false
HOST: Wait loop iteration, go_file exists = false
HOST: _process_p2p called, delta=0.010000
HOST: Before poll_rendezvous: hole_punch state=0, is_active=false
HOST: Manual poll_rendezvous: hp.is_active() = false
HOST: Calling set_paused(false)
HOST: After manual poll_rendezvous: client._paused = false
HOST: After tick(delta): client._paused = false, client_id = <RefCounted#-9223371995633154551>
HOST: Fresh client _paused = false, fresh_client_id = <RefCounted#-9223371995633154551>
HOST: RendezvousClient paused = false, udp = true, elapsed_sec = 1.510, client_state = 2
HOST: HolePunch state = 0, is_active = false
HOST: Wait loop iteration, go_file exists = false
HOST: _process_p2p called, delta=0.010000
HOST: Before poll_rendezvous: hole_punch state=0, is_active=false
HOST: Manual poll_rendezvous: hp.is_active() = false
HOST: Calling set_paused(false)
HOST: After manual poll_rendezvous: client._paused = false
HOST: After tick(delta): client._paused = false, client_id = <RefCounted#-9223371995633154551>
HOST: Fresh client _paused = false, fresh_client_id = <RefCounted#-9223371995633154551>
HOST: RendezvousClient paused = false, udp = true, elapsed_sec = 1.520, client_state = 2
HOST: HolePunch state = 0, is_active = false
HOST: Wait loop iteration, go_file exists = false
HOST: _process_p2p called, delta=0.010000
HOST: Before poll_rendezvous: hole_punch state=0, is_active=false
HOST: Manual poll_rendezvous: hp.is_active() = false
HOST: Calling set_paused(false)
HOST: After manual poll_rendezvous: client._paused = false
HOST: After tick(delta): client._paused = false, client_id = <RefCounted#-9223371995633154551>
HOST: Fresh client _paused = false, fresh_client_id = <RefCounted#-9223371995633154551>
HOST: RendezvousClient paused = false, udp = true, elapsed_sec = 1.530, client_state = 2
HOST: HolePunch state = 0, is_active = false
HOST: Wait loop iteration, go_file exists = false
HOST: _process_p2p called, delta=0.010000
HOST: Before poll_rendezvous: hole_punch state=0, is_active=false
HOST: Manual poll_rendezvous: hp.is_active() = false
HOST: Calling set_paused(false)
HOST: After manual poll_rendezvous: client._paused = false
HOST: After tick(delta): client._paused = false, client_id = <RefCounted#-9223371995633154551>
HOST: Fresh client _paused = false, fresh_client_id = <RefCounted#-9223371995633154551>
HOST: RendezvousClient paused = false, udp = true, elapsed_sec = 1.540, client_state = 2
HOST: HolePunch state = 0, is_active = false
HOST: Wait loop iteration, go_file exists = false
HOST: _process_p2p called, delta=0.010000
HOST: Before poll_rendezvous: hole_punch state=0, is_active=false
HOST: Manual poll_rendezvous: hp.is_active() = false
HOST: Calling set_paused(false)
HOST: After manual poll_rendezvous: client._paused = false
HOST: After tick(delta): client._paused = false, client_id = <RefCounted#-9223371995633154551>
HOST: Fresh client _paused = false, fresh_client_id = <RefCounted#-9223371995633154551>
HOST: RendezvousClient paused = false, udp = true, elapsed_sec = 1.550, client_state = 2
HOST: HolePunch state = 0, is_active = false
HOST: Wait loop iteration, go_file exists = false
HOST: _process_p2p called, delta=0.010000
HOST: Before poll_rendezvous: hole_punch state=0, is_active=false
HOST: Manual poll_rendezvous: hp.is_active() = false
HOST: Calling set_paused(false)
HOST: After manual poll_rendezvous: client._paused = false
HOST: After tick(delta): client._paused = false, client_id = <RefCounted#-9223371995633154551>
HOST: Fresh client _paused = false, fresh_client_id = <RefCounted#-9223371995633154551>
HOST: RendezvousClient paused = false, udp = true, elapsed_sec = 1.560, client_state = 2
HOST: HolePunch state = 0, is_active = false
HOST: Wait loop iteration, go_file exists = false
HOST: _process_p2p called, delta=0.010000
HOST: Before poll_rendezvous: hole_punch state=0, is_active=false
HOST: Manual poll_rendezvous: hp.is_active() = false
HOST: Calling set_paused(false)
HOST: After manual poll_rendezvous: client._paused = false
HOST: After tick(delta): client._paused = false, client_id = <RefCounted#-9223371995633154551>
HOST: Fresh client _paused = false, fresh_client_id = <RefCounted#-9223371995633154551>
HOST: RendezvousClient paused = false, udp = true, elapsed_sec = 1.570, client_state = 2
HOST: HolePunch state = 0, is_active = false
HOST: Wait loop iteration, go_file exists = false
HOST: _process_p2p called, delta=0.010000
HOST: Before poll_rendezvous: hole_punch state=0, is_active=false
HOST: Manual poll_rendezvous: hp.is_active() = false
HOST: Calling set_paused(false)
HOST: After manual poll_rendezvous: client._paused = false
HOST: After tick(delta): client._paused = false, client_id = <RefCounted#-9223371995633154551>
HOST: Fresh client _paused = false, fresh_client_id = <RefCounted#-9223371995633154551>
HOST: RendezvousClient paused = false, udp = true, elapsed_sec = 1.580, client_state = 2
HOST: HolePunch state = 0, is_active = false
HOST: Wait loop iteration, go_file exists = false
HOST: _process_p2p called, delta=0.010000
HOST: Before poll_rendezvous: hole_punch state=0, is_active=false
HOST: Manual poll_rendezvous: hp.is_active() = false
HOST: Calling set_paused(false)
HOST: After manual poll_rendezvous: client._paused = false
HOST: After tick(delta): client._paused = false, client_id = <RefCounted#-9223371995633154551>
HOST: Fresh client _paused = false, fresh_client_id = <RefCounted#-9223371995633154551>
HOST: RendezvousClient paused = false, udp = true, elapsed_sec = 1.590, client_state = 2
HOST: HolePunch state = 0, is_active = false
HOST: Wait loop iteration, go_file exists = false
HOST: _process_p2p called, delta=0.010000
HOST: Before poll_rendezvous: hole_punch state=0, is_active=false
HOST: Manual poll_rendezvous: hp.is_active() = false
HOST: Calling set_paused(false)
HOST: After manual poll_rendezvous: client._paused = false
HOST: After tick(delta): client._paused = false, client_id = <RefCounted#-9223371995633154551>
HOST: Fresh client _paused = false, fresh_client_id = <RefCounted#-9223371995633154551>
HOST: RendezvousClient paused = false, udp = true, elapsed_sec = 1.600, client_state = 2
HOST: HolePunch state = 0, is_active = false
HOST: Wait loop iteration, go_file exists = false
HOST: _process_p2p called, delta=0.010000
HOST: Before poll_rendezvous: hole_punch state=0, is_active=false
HOST: Manual poll_rendezvous: hp.is_active() = false
HOST: Calling set_paused(false)
HOST: After manual poll_rendezvous: client._paused = false
HOST: After tick(delta): client._paused = false, client_id = <RefCounted#-9223371995633154551>
HOST: Fresh client _paused = false, fresh_client_id = <RefCounted#-9223371995633154551>
HOST: RendezvousClient paused = false, udp = true, elapsed_sec = 1.610, client_state = 2
HOST: HolePunch state = 0, is_active = false
HOST: Wait loop iteration, go_file exists = false
HOST: _process_p2p called, delta=0.010000
HOST: Before poll_rendezvous: hole_punch state=0, is_active=false
HOST: Manual poll_rendezvous: hp.is_active() = false
HOST: Calling set_paused(false)
HOST: After manual poll_rendezvous: client._paused = false
HOST: After tick(delta): client._paused = false, client_id = <RefCounted#-9223371995633154551>
HOST: Fresh client _paused = false, fresh_client_id = <RefCounted#-9223371995633154551>
HOST: RendezvousClient paused = false, udp = true, elapsed_sec = 1.620, client_state = 2
HOST: HolePunch state = 0, is_active = false
HOST: Wait loop iteration, go_file exists = false
HOST: _process_p2p called, delta=0.010000
HOST: Before poll_rendezvous: hole_punch state=0, is_active=false
HOST: Manual poll_rendezvous: hp.is_active() = false
HOST: Calling set_paused(false)
HOST: After manual poll_rendezvous: client._paused = false
HOST: After tick(delta): client._paused = false, client_id = <RefCounted#-9223371995633154551>
HOST: Fresh client _paused = false, fresh_client_id = <RefCounted#-9223371995633154551>
HOST: RendezvousClient paused = false, udp = true, elapsed_sec = 1.630, client_state = 2
HOST: HolePunch state = 0, is_active = false
HOST: Wait loop iteration, go_file exists = false
HOST: _process_p2p called, delta=0.010000
HOST: Before poll_rendezvous: hole_punch state=0, is_active=false
HOST: Manual poll_rendezvous: hp.is_active() = false
HOST: Calling set_paused(false)
HOST: After manual poll_rendezvous: client._paused = false
HOST: After tick(delta): client._paused = false, client_id = <RefCounted#-9223371995633154551>
HOST: Fresh client _paused = false, fresh_client_id = <RefCounted#-9223371995633154551>
HOST: RendezvousClient paused = false, udp = true, elapsed_sec = 1.640, client_state = 2
HOST: HolePunch state = 0, is_active = false
HOST: Wait loop iteration, go_file exists = false
HOST: _process_p2p called, delta=0.010000
HOST: Before poll_rendezvous: hole_punch state=0, is_active=false
HOST: Manual poll_rendezvous: hp.is_active() = false
HOST: Calling set_paused(false)
HOST: After manual poll_rendezvous: client._paused = false
HOST: After tick(delta): client._paused = false, client_id = <RefCounted#-9223371995633154551>
HOST: Fresh client _paused = false, fresh_client_id = <RefCounted#-9223371995633154551>
HOST: RendezvousClient paused = false, udp = true, elapsed_sec = 1.650, client_state = 2
HOST: HolePunch state = 0, is_active = false
HOST: Wait loop iteration, go_file exists = false
HOST: _process_p2p called, delta=0.010000
HOST: Before poll_rendezvous: hole_punch state=0, is_active=false
HOST: Manual poll_rendezvous: hp.is_active() = false
HOST: Calling set_paused(false)
HOST: After manual poll_rendezvous: client._paused = false
HOST: After tick(delta): client._paused = false, client_id = <RefCounted#-9223371995633154551>
HOST: Fresh client _paused = false, fresh_client_id = <RefCounted#-9223371995633154551>
HOST: RendezvousClient paused = false, udp = true, elapsed_sec = 1.660, client_state = 2
HOST: HolePunch state = 0, is_active = false
HOST: Wait loop iteration, go_file exists = false
HOST: _process_p2p called, delta=0.010000
HOST: Before poll_rendezvous: hole_punch state=0, is_active=false
HOST: Manual poll_rendezvous: hp.is_active() = false
HOST: Calling set_paused(false)
HOST: After manual poll_rendezvous: client._paused = false
HOST: After tick(delta): client._paused = false, client_id = <RefCounted#-9223371995633154551>
HOST: Fresh client _paused = false, fresh_client_id = <RefCounted#-9223371995633154551>
HOST: RendezvousClient paused = false, udp = true, elapsed_sec = 1.670, client_state = 2
HOST: HolePunch state = 0, is_active = false
HOST: Wait loop iteration, go_file exists = false
HOST: _process_p2p called, delta=0.010000
HOST: Before poll_rendezvous: hole_punch state=0, is_active=false
HOST: Manual poll_rendezvous: hp.is_active() = false
HOST: Calling set_paused(false)
HOST: After manual poll_rendezvous: client._paused = false
HOST: After tick(delta): client._paused = false, client_id = <RefCounted#-9223371995633154551>
HOST: Fresh client _paused = false, fresh_client_id = <RefCounted#-9223371995633154551>
HOST: RendezvousClient paused = false, udp = true, elapsed_sec = 1.680, client_state = 2
HOST: HolePunch state = 0, is_active = false
HOST: Wait loop iteration, go_file exists = false
HOST: _process_p2p called, delta=0.010000
HOST: Before poll_rendezvous: hole_punch state=0, is_active=false
HOST: Manual poll_rendezvous: hp.is_active() = false
HOST: Calling set_paused(false)
HOST: After manual poll_rendezvous: client._paused = false
HOST: After tick(delta): client._paused = false, client_id = <RefCounted#-9223371995633154551>
HOST: Fresh client _paused = false, fresh_client_id = <RefCounted#-9223371995633154551>
HOST: RendezvousClient paused = false, udp = true, elapsed_sec = 1.690, client_state = 2
HOST: HolePunch state = 0, is_active = false
HOST: Wait loop iteration, go_file exists = false
HOST: _process_p2p called, delta=0.010000
HOST: Before poll_rendezvous: hole_punch state=0, is_active=false
HOST: Manual poll_rendezvous: hp.is_active() = false
HOST: Calling set_paused(false)
HOST: After manual poll_rendezvous: client._paused = false
HOST: After tick(delta): client._paused = false, client_id = <RefCounted#-9223371995633154551>
HOST: Fresh client _paused = false, fresh_client_id = <RefCounted#-9223371995633154551>
HOST: RendezvousClient paused = false, udp = true, elapsed_sec = 1.700, client_state = 2
HOST: HolePunch state = 0, is_active = false
HOST: Wait loop iteration, go_file exists = false
HOST: _process_p2p called, delta=0.010000
HOST: Before poll_rendezvous: hole_punch state=0, is_active=false
HOST: Manual poll_rendezvous: hp.is_active() = false
HOST: Calling set_paused(false)
HOST: After manual poll_rendezvous: client._paused = false
HOST: After tick(delta): client._paused = false, client_id = <RefCounted#-9223371995633154551>
HOST: Fresh client _paused = false, fresh_client_id = <RefCounted#-9223371995633154551>
HOST: RendezvousClient paused = false, udp = true, elapsed_sec = 1.710, client_state = 2
HOST: HolePunch state = 0, is_active = false
HOST: Wait loop iteration, go_file exists = false
HOST: _process_p2p called, delta=0.010000
HOST: Before poll_rendezvous: hole_punch state=0, is_active=false
HOST: Manual poll_rendezvous: hp.is_active() = false
HOST: Calling set_paused(false)
HOST: After manual poll_rendezvous: client._paused = false
HOST: After tick(delta): client._paused = false, client_id = <RefCounted#-9223371995633154551>
HOST: Fresh client _paused = false, fresh_client_id = <RefCounted#-9223371995633154551>
HOST: RendezvousClient paused = false, udp = true, elapsed_sec = 1.720, client_state = 2
HOST: HolePunch state = 0, is_active = false
HOST: Wait loop iteration, go_file exists = false
HOST: _process_p2p called, delta=0.010000
HOST: Before poll_rendezvous: hole_punch state=0, is_active=false
HOST: Manual poll_rendezvous: hp.is_active() = false
HOST: Calling set_paused(false)
HOST: After manual poll_rendezvous: client._paused = false
HOST: After tick(delta): client._paused = false, client_id = <RefCounted#-9223371995633154551>
HOST: Fresh client _paused = false, fresh_client_id = <RefCounted#-9223371995633154551>
HOST: RendezvousClient paused = false, udp = true, elapsed_sec = 1.730, client_state = 2
HOST: HolePunch state = 0, is_active = false
HOST: Wait loop iteration, go_file exists = false
HOST: _process_p2p called, delta=0.010000
HOST: Before poll_rendezvous: hole_punch state=0, is_active=false
HOST: Manual poll_rendezvous: hp.is_active() = false
HOST: Calling set_paused(false)
HOST: After manual poll_rendezvous: client._paused = false
HOST: After tick(delta): client._paused = false, client_id = <RefCounted#-9223371995633154551>
HOST: Fresh client _paused = false, fresh_client_id = <RefCounted#-9223371995633154551>
HOST: RendezvousClient paused = false, udp = true, elapsed_sec = 1.740, client_state = 2
HOST: HolePunch state = 0, is_active = false
HOST: Wait loop iteration, go_file exists = false
HOST: _process_p2p called, delta=0.010000
HOST: Before poll_rendezvous: hole_punch state=0, is_active=false
HOST: Manual poll_rendezvous: hp.is_active() = false
HOST: Calling set_paused(false)
HOST: After manual poll_rendezvous: client._paused = false
HOST: After tick(delta): client._paused = false, client_id = <RefCounted#-9223371995633154551>
HOST: Fresh client _paused = false, fresh_client_id = <RefCounted#-9223371995633154551>
HOST: RendezvousClient paused = false, udp = true, elapsed_sec = 1.750, client_state = 2
HOST: HolePunch state = 0, is_active = false
HOST: Wait loop iteration, go_file exists = false
HOST: _process_p2p called, delta=0.010000
HOST: Before poll_rendezvous: hole_punch state=0, is_active=false
HOST: Manual poll_rendezvous: hp.is_active() = false
HOST: Calling set_paused(false)
HOST: After manual poll_rendezvous: client._paused = false
HOST: After tick(delta): client._paused = false, client_id = <RefCounted#-9223371995633154551>
HOST: Fresh client _paused = false, fresh_client_id = <RefCounted#-9223371995633154551>
HOST: RendezvousClient paused = false, udp = true, elapsed_sec = 1.760, client_state = 2
HOST: HolePunch state = 0, is_active = false
HOST: Wait loop iteration, go_file exists = false
HOST: _process_p2p called, delta=0.010000
HOST: Before poll_rendezvous: hole_punch state=0, is_active=false
HOST: Manual poll_rendezvous: hp.is_active() = false
HOST: Calling set_paused(false)
HOST: After manual poll_rendezvous: client._paused = false
HOST: After tick(delta): client._paused = false, client_id = <RefCounted#-9223371995633154551>
HOST: Fresh client _paused = false, fresh_client_id = <RefCounted#-9223371995633154551>
HOST: RendezvousClient paused = false, udp = true, elapsed_sec = 1.770, client_state = 2
HOST: HolePunch state = 0, is_active = false
HOST: Wait loop iteration, go_file exists = false
HOST: _process_p2p called, delta=0.010000
HOST: Before poll_rendezvous: hole_punch state=0, is_active=false
HOST: Manual poll_rendezvous: hp.is_active() = false
HOST: Calling set_paused(false)
HOST: After manual poll_rendezvous: client._paused = false
HOST: After tick(delta): client._paused = false, client_id = <RefCounted#-9223371995633154551>
HOST: Fresh client _paused = false, fresh_client_id = <RefCounted#-9223371995633154551>
HOST: RendezvousClient paused = false, udp = true, elapsed_sec = 1.780, client_state = 2
HOST: HolePunch state = 0, is_active = false
HOST: Wait loop iteration, go_file exists = false
HOST: _process_p2p called, delta=0.010000
HOST: Before poll_rendezvous: hole_punch state=0, is_active=false
HOST: Manual poll_rendezvous: hp.is_active() = false
HOST: Calling set_paused(false)
HOST: After manual poll_rendezvous: client._paused = false
HOST: After tick(delta): client._paused = false, client_id = <RefCounted#-9223371995633154551>
HOST: Fresh client _paused = false, fresh_client_id = <RefCounted#-9223371995633154551>
HOST: RendezvousClient paused = false, udp = true, elapsed_sec = 1.790, client_state = 2
HOST: HolePunch state = 0, is_active = false
HOST: Wait loop iteration, go_file exists = false
HOST: _process_p2p called, delta=0.010000
HOST: Before poll_rendezvous: hole_punch state=0, is_active=false
HOST: Manual poll_rendezvous: hp.is_active() = false
HOST: Calling set_paused(false)
HOST: After manual poll_rendezvous: client._paused = false
HOST: After tick(delta): client._paused = false, client_id = <RefCounted#-9223371995633154551>
HOST: Fresh client _paused = false, fresh_client_id = <RefCounted#-9223371995633154551>
HOST: RendezvousClient paused = false, udp = true, elapsed_sec = 1.800, client_state = 2
HOST: HolePunch state = 0, is_active = false
HOST: Wait loop iteration, go_file exists = false
HOST: _process_p2p called, delta=0.010000
HOST: Before poll_rendezvous: hole_punch state=0, is_active=false
HOST: Manual poll_rendezvous: hp.is_active() = false
HOST: Calling set_paused(false)
HOST: After manual poll_rendezvous: client._paused = false
HOST: After tick(delta): client._paused = false, client_id = <RefCounted#-9223371995633154551>
HOST: Fresh client _paused = false, fresh_client_id = <RefCounted#-9223371995633154551>
HOST: RendezvousClient paused = false, udp = true, elapsed_sec = 1.810, client_state = 2
HOST: HolePunch state = 0, is_active = false
HOST: Wait loop iteration, go_file exists = false
HOST: _process_p2p called, delta=0.010000
HOST: Before poll_rendezvous: hole_punch state=0, is_active=false
HOST: Manual poll_rendezvous: hp.is_active() = false
HOST: Calling set_paused(false)
HOST: After manual poll_rendezvous: client._paused = false
HOST: After tick(delta): client._paused = false, client_id = <RefCounted#-9223371995633154551>
HOST: Fresh client _paused = false, fresh_client_id = <RefCounted#-9223371995633154551>
HOST: RendezvousClient paused = false, udp = true, elapsed_sec = 1.820, client_state = 2
HOST: HolePunch state = 0, is_active = false
HOST: Wait loop iteration, go_file exists = false
HOST: _process_p2p called, delta=0.010000
HOST: Before poll_rendezvous: hole_punch state=0, is_active=false
HOST: Manual poll_rendezvous: hp.is_active() = false
HOST: Calling set_paused(false)
HOST: After manual poll_rendezvous: client._paused = false
HOST: After tick(delta): client._paused = false, client_id = <RefCounted#-9223371995633154551>
HOST: Fresh client _paused = false, fresh_client_id = <RefCounted#-9223371995633154551>
HOST: RendezvousClient paused = false, udp = true, elapsed_sec = 1.830, client_state = 2
HOST: HolePunch state = 0, is_active = false
HOST: Wait loop iteration, go_file exists = false
HOST: _process_p2p called, delta=0.010000
HOST: Before poll_rendezvous: hole_punch state=0, is_active=false
HOST: Manual poll_rendezvous: hp.is_active() = false
HOST: Calling set_paused(false)
HOST: After manual poll_rendezvous: client._paused = false
HOST: After tick(delta): client._paused = false, client_id = <RefCounted#-9223371995633154551>
HOST: Fresh client _paused = false, fresh_client_id = <RefCounted#-9223371995633154551>
HOST: RendezvousClient paused = false, udp = true, elapsed_sec = 1.840, client_state = 2
HOST: HolePunch state = 0, is_active = false
HOST: Wait loop iteration, go_file exists = false
HOST: _process_p2p called, delta=0.010000
HOST: Before poll_rendezvous: hole_punch state=0, is_active=false
HOST: Manual poll_rendezvous: hp.is_active() = false
HOST: Calling set_paused(false)
HOST: After manual poll_rendezvous: client._paused = false
HOST: After tick(delta): client._paused = false, client_id = <RefCounted#-9223371995633154551>
HOST: Fresh client _paused = false, fresh_client_id = <RefCounted#-9223371995633154551>
HOST: RendezvousClient paused = false, udp = true, elapsed_sec = 1.850, client_state = 2
HOST: HolePunch state = 0, is_active = false
HOST: Wait loop iteration, go_file exists = false
HOST: _process_p2p called, delta=0.010000
HOST: Before poll_rendezvous: hole_punch state=0, is_active=false
HOST: Manual poll_rendezvous: hp.is_active() = false
HOST: Calling set_paused(false)
HOST: After manual poll_rendezvous: client._paused = false
HOST: After tick(delta): client._paused = false, client_id = <RefCounted#-9223371995633154551>
HOST: Fresh client _paused = false, fresh_client_id = <RefCounted#-9223371995633154551>
HOST: RendezvousClient paused = false, udp = true, elapsed_sec = 1.860, client_state = 2
HOST: HolePunch state = 0, is_active = false
HOST: Wait loop iteration, go_file exists = false
HOST: _process_p2p called, delta=0.010000
HOST: Before poll_rendezvous: hole_punch state=0, is_active=false
HOST: Manual poll_rendezvous: hp.is_active() = false
HOST: Calling set_paused(false)
HOST: After manual poll_rendezvous: client._paused = false
HOST: After tick(delta): client._paused = false, client_id = <RefCounted#-9223371995633154551>
HOST: Fresh client _paused = false, fresh_client_id = <RefCounted#-9223371995633154551>
HOST: RendezvousClient paused = false, udp = true, elapsed_sec = 1.870, client_state = 2
HOST: HolePunch state = 0, is_active = false
HOST: Wait loop iteration, go_file exists = false
HOST: _process_p2p called, delta=0.010000
HOST: Before poll_rendezvous: hole_punch state=0, is_active=false
HOST: Manual poll_rendezvous: hp.is_active() = false
HOST: Calling set_paused(false)
HOST: After manual poll_rendezvous: client._paused = false
HOST: After tick(delta): client._paused = false, client_id = <RefCounted#-9223371995633154551>
HOST: Fresh client _paused = false, fresh_client_id = <RefCounted#-9223371995633154551>
HOST: RendezvousClient paused = false, udp = true, elapsed_sec = 1.880, client_state = 2
HOST: HolePunch state = 0, is_active = false
HOST: Wait loop iteration, go_file exists = false
HOST: _process_p2p called, delta=0.010000
HOST: Before poll_rendezvous: hole_punch state=0, is_active=false
HOST: Manual poll_rendezvous: hp.is_active() = false
HOST: Calling set_paused(false)
HOST: After manual poll_rendezvous: client._paused = false
HOST: After tick(delta): client._paused = false, client_id = <RefCounted#-9223371995633154551>
HOST: Fresh client _paused = false, fresh_client_id = <RefCounted#-9223371995633154551>
HOST: RendezvousClient paused = false, udp = true, elapsed_sec = 1.890, client_state = 2
HOST: HolePunch state = 0, is_active = false
HOST: Wait loop iteration, go_file exists = false
HOST: _process_p2p called, delta=0.010000
HOST: Before poll_rendezvous: hole_punch state=0, is_active=false
HOST: Manual poll_rendezvous: hp.is_active() = false
HOST: Calling set_paused(false)
HOST: After manual poll_rendezvous: client._paused = false
HOST: After tick(delta): client._paused = false, client_id = <RefCounted#-9223371995633154551>
HOST: Fresh client _paused = false, fresh_client_id = <RefCounted#-9223371995633154551>
HOST: RendezvousClient paused = false, udp = true, elapsed_sec = 1.900, client_state = 2
HOST: HolePunch state = 0, is_active = false
HOST: Wait loop iteration, go_file exists = false
HOST: _process_p2p called, delta=0.010000
HOST: Before poll_rendezvous: hole_punch state=0, is_active=false
HOST: Manual poll_rendezvous: hp.is_active() = false
HOST: Calling set_paused(false)
HOST: After manual poll_rendezvous: client._paused = false
HOST: After tick(delta): client._paused = false, client_id = <RefCounted#-9223371995633154551>
HOST: Fresh client _paused = false, fresh_client_id = <RefCounted#-9223371995633154551>
HOST: RendezvousClient paused = false, udp = true, elapsed_sec = 1.910, client_state = 2
HOST: HolePunch state = 0, is_active = false
HOST: Wait loop iteration, go_file exists = false
HOST: _process_p2p called, delta=0.010000
HOST: Before poll_rendezvous: hole_punch state=0, is_active=false
HOST: Manual poll_rendezvous: hp.is_active() = false
HOST: Calling set_paused(false)
HOST: After manual poll_rendezvous: client._paused = false
HOST: After tick(delta): client._paused = false, client_id = <RefCounted#-9223371995633154551>
HOST: Fresh client _paused = false, fresh_client_id = <RefCounted#-9223371995633154551>
HOST: RendezvousClient paused = false, udp = true, elapsed_sec = 1.920, client_state = 2
HOST: HolePunch state = 0, is_active = false
HOST: Wait loop iteration, go_file exists = false
HOST: _process_p2p called, delta=0.010000
HOST: Before poll_rendezvous: hole_punch state=0, is_active=false
HOST: Manual poll_rendezvous: hp.is_active() = false
HOST: Calling set_paused(false)
HOST: After manual poll_rendezvous: client._paused = false
HOST: After tick(delta): client._paused = false, client_id = <RefCounted#-9223371995633154551>
HOST: Fresh client _paused = false, fresh_client_id = <RefCounted#-9223371995633154551>
HOST: RendezvousClient paused = false, udp = true, elapsed_sec = 1.930, client_state = 2
HOST: HolePunch state = 0, is_active = false
HOST: Wait loop iteration, go_file exists = false
HOST: _process_p2p called, delta=0.010000
HOST: Before poll_rendezvous: hole_punch state=0, is_active=false
HOST: Manual poll_rendezvous: hp.is_active() = false
HOST: Calling set_paused(false)
HOST: After manual poll_rendezvous: client._paused = false
HOST: After tick(delta): client._paused = false, client_id = <RefCounted#-9223371995633154551>
HOST: Fresh client _paused = false, fresh_client_id = <RefCounted#-9223371995633154551>
HOST: RendezvousClient paused = false, udp = true, elapsed_sec = 1.940, client_state = 2
HOST: HolePunch state = 0, is_active = false
HOST: Wait loop iteration, go_file exists = false
HOST: _process_p2p called, delta=0.010000
HOST: Before poll_rendezvous: hole_punch state=0, is_active=false
HOST: Manual poll_rendezvous: hp.is_active() = false
HOST: Calling set_paused(false)
HOST: After manual poll_rendezvous: client._paused = false
HOST: After tick(delta): client._paused = false, client_id = <RefCounted#-9223371995633154551>
HOST: Fresh client _paused = false, fresh_client_id = <RefCounted#-9223371995633154551>
HOST: RendezvousClient paused = false, udp = true, elapsed_sec = 1.950, client_state = 2
HOST: HolePunch state = 0, is_active = false
HOST: Wait loop iteration, go_file exists = false
HOST: _process_p2p called, delta=0.010000
HOST: Before poll_rendezvous: hole_punch state=0, is_active=false
HOST: Manual poll_rendezvous: hp.is_active() = false
HOST: Calling set_paused(false)
HOST: After manual poll_rendezvous: client._paused = false
HOST: After tick(delta): client._paused = false, client_id = <RefCounted#-9223371995633154551>
HOST: Fresh client _paused = false, fresh_client_id = <RefCounted#-9223371995633154551>
HOST: RendezvousClient paused = false, udp = true, elapsed_sec = 1.960, client_state = 2
HOST: HolePunch state = 0, is_active = false
HOST: Wait loop iteration, go_file exists = false
HOST: _process_p2p called, delta=0.010000
HOST: Before poll_rendezvous: hole_punch state=0, is_active=false
HOST: Manual poll_rendezvous: hp.is_active() = false
HOST: Calling set_paused(false)
HOST: After manual poll_rendezvous: client._paused = false
HOST: After tick(delta): client._paused = false, client_id = <RefCounted#-9223371995633154551>
HOST: Fresh client _paused = false, fresh_client_id = <RefCounted#-9223371995633154551>
HOST: RendezvousClient paused = false, udp = true, elapsed_sec = 1.970, client_state = 2
HOST: HolePunch state = 0, is_active = false
HOST: Wait loop iteration, go_file exists = false
HOST: _process_p2p called, delta=0.010000
HOST: Before poll_rendezvous: hole_punch state=0, is_active=false
HOST: Manual poll_rendezvous: hp.is_active() = false
HOST: Calling set_paused(false)
HOST: After manual poll_rendezvous: client._paused = false
HOST: After tick(delta): client._paused = false, client_id = <RefCounted#-9223371995633154551>
HOST: Fresh client _paused = false, fresh_client_id = <RefCounted#-9223371995633154551>
HOST: RendezvousClient paused = false, udp = true, elapsed_sec = 1.980, client_state = 2
HOST: HolePunch state = 0, is_active = false
HOST: Wait loop iteration, go_file exists = false
HOST: _process_p2p called, delta=0.010000
HOST: Before poll_rendezvous: hole_punch state=0, is_active=false
HOST: Manual poll_rendezvous: hp.is_active() = false
HOST: Calling set_paused(false)
HOST: After manual poll_rendezvous: client._paused = false
HOST: After tick(delta): client._paused = false, client_id = <RefCounted#-9223371995633154551>
HOST: Fresh client _paused = false, fresh_client_id = <RefCounted#-9223371995633154551>
HOST: RendezvousClient paused = false, udp = true, elapsed_sec = 1.990, client_state = 2
HOST: HolePunch state = 0, is_active = false
HOST: Wait loop iteration, go_file exists = false
HOST: _process_p2p called, delta=0.010000
HOST: Before poll_rendezvous: hole_punch state=0, is_active=false
HOST: Manual poll_rendezvous: hp.is_active() = false
HOST: Calling set_paused(false)
HOST: After manual poll_rendezvous: client._paused = false
HOST: After tick(delta): client._paused = false, client_id = <RefCounted#-9223371995633154551>
HOST: Fresh client _paused = false, fresh_client_id = <RefCounted#-9223371995633154551>
HOST: RendezvousClient paused = false, udp = true, elapsed_sec = 2.000, client_state = 2
HOST: HolePunch state = 0, is_active = false
HOST: Wait loop iteration, go_file exists = false
HOST: _process_p2p called, delta=0.010000
HOST: Before poll_rendezvous: hole_punch state=0, is_active=false
HOST: Manual poll_rendezvous: hp.is_active() = false
HOST: Calling set_paused(false)
HOST: After manual poll_rendezvous: client._paused = false
HOST: After tick(delta): client._paused = false, client_id = <RefCounted#-9223371995633154551>
HOST: Fresh client _paused = false, fresh_client_id = <RefCounted#-9223371995633154551>
HOST: RendezvousClient paused = false, udp = true, elapsed_sec = 2.010, client_state = 2
HOST: HolePunch state = 0, is_active = false
HOST: Wait loop iteration, go_file exists = false
HOST: _process_p2p called, delta=0.010000
HOST: Before poll_rendezvous: hole_punch state=0, is_active=false
HOST: Manual poll_rendezvous: hp.is_active() = false
HOST: Calling set_paused(false)
HOST: After manual poll_rendezvous: client._paused = false
HOST: After tick(delta): client._paused = false, client_id = <RefCounted#-9223371995633154551>
HOST: Fresh client _paused = false, fresh_client_id = <RefCounted#-9223371995633154551>
HOST: RendezvousClient paused = false, udp = true, elapsed_sec = 2.020, client_state = 2
HOST: HolePunch state = 0, is_active = false
HOST: Wait loop iteration, go_file exists = false
HOST: _process_p2p called, delta=0.010000
HOST: Before poll_rendezvous: hole_punch state=0, is_active=false
HOST: Manual poll_rendezvous: hp.is_active() = false
HOST: Calling set_paused(false)
HOST: After manual poll_rendezvous: client._paused = false
HOST: After tick(delta): client._paused = false, client_id = <RefCounted#-9223371995633154551>
HOST: Fresh client _paused = false, fresh_client_id = <RefCounted#-9223371995633154551>
HOST: RendezvousClient paused = false, udp = true, elapsed_sec = 2.030, client_state = 2
HOST: HolePunch state = 0, is_active = false
HOST: Wait loop iteration, go_file exists = false
HOST: _process_p2p called, delta=0.010000
HOST: Before poll_rendezvous: hole_punch state=0, is_active=false
HOST: Manual poll_rendezvous: hp.is_active() = false
HOST: Calling set_paused(false)
HOST: After manual poll_rendezvous: client._paused = false
HOST: After tick(delta): client._paused = false, client_id = <RefCounted#-9223371995633154551>
HOST: Fresh client _paused = false, fresh_client_id = <RefCounted#-9223371995633154551>
HOST: RendezvousClient paused = false, udp = true, elapsed_sec = 2.040, client_state = 2
HOST: HolePunch state = 0, is_active = false
HOST: Wait loop iteration, go_file exists = false
HOST: _process_p2p called, delta=0.010000
HOST: Before poll_rendezvous: hole_punch state=0, is_active=false
HOST: Manual poll_rendezvous: hp.is_active() = false
HOST: Calling set_paused(false)
HOST: After manual poll_rendezvous: client._paused = false
HOST: After tick(delta): client._paused = false, client_id = <RefCounted#-9223371995633154551>
HOST: Fresh client _paused = false, fresh_client_id = <RefCounted#-9223371995633154551>
HOST: RendezvousClient paused = false, udp = true, elapsed_sec = 2.050, client_state = 2
HOST: HolePunch state = 0, is_active = false
HOST: Wait loop iteration, go_file exists = false
HOST: _process_p2p called, delta=0.010000
HOST: Before poll_rendezvous: hole_punch state=0, is_active=false
HOST: Manual poll_rendezvous: hp.is_active() = false
HOST: Calling set_paused(false)
HOST: After manual poll_rendezvous: client._paused = false
HOST: After tick(delta): client._paused = false, client_id = <RefCounted#-9223371995633154551>
HOST: Fresh client _paused = false, fresh_client_id = <RefCounted#-9223371995633154551>
HOST: RendezvousClient paused = false, udp = true, elapsed_sec = 2.060, client_state = 2
HOST: HolePunch state = 0, is_active = false
HOST: Wait loop iteration, go_file exists = false
HOST: _process_p2p called, delta=0.010000
HOST: Before poll_rendezvous: hole_punch state=0, is_active=false
HOST: Manual poll_rendezvous: hp.is_active() = false
HOST: Calling set_paused(false)
HOST: After manual poll_rendezvous: client._paused = false
HOST: After tick(delta): client._paused = false, client_id = <RefCounted#-9223371995633154551>
HOST: Fresh client _paused = false, fresh_client_id = <RefCounted#-9223371995633154551>
HOST: RendezvousClient paused = false, udp = true, elapsed_sec = 2.070, client_state = 2
HOST: HolePunch state = 0, is_active = false
HOST: Wait loop iteration, go_file exists = false
HOST: _process_p2p called, delta=0.010000
HOST: Before poll_rendezvous: hole_punch state=0, is_active=false
HOST: Manual poll_rendezvous: hp.is_active() = false
HOST: Calling set_paused(false)
HOST: After manual poll_rendezvous: client._paused = false
HOST: After tick(delta): client._paused = false, client_id = <RefCounted#-9223371995633154551>
HOST: Fresh client _paused = false, fresh_client_id = <RefCounted#-9223371995633154551>
HOST: RendezvousClient paused = false, udp = true, elapsed_sec = 2.080, client_state = 2
HOST: HolePunch state = 0, is_active = false
HOST: Wait loop iteration, go_file exists = false
HOST: _process_p2p called, delta=0.010000
HOST: Before poll_rendezvous: hole_punch state=0, is_active=false
HOST: Manual poll_rendezvous: hp.is_active() = false
HOST: Calling set_paused(false)
HOST: After manual poll_rendezvous: client._paused = false
HOST: After tick(delta): client._paused = false, client_id = <RefCounted#-9223371995633154551>
HOST: Fresh client _paused = false, fresh_client_id = <RefCounted#-9223371995633154551>
HOST: RendezvousClient paused = false, udp = true, elapsed_sec = 2.090, client_state = 2
HOST: HolePunch state = 0, is_active = false
HOST: Wait loop iteration, go_file exists = false
HOST: _process_p2p called, delta=0.010000
HOST: Before poll_rendezvous: hole_punch state=0, is_active=false
HOST: Manual poll_rendezvous: hp.is_active() = false
HOST: Calling set_paused(false)
HOST: After manual poll_rendezvous: client._paused = false
HOST: After tick(delta): client._paused = false, client_id = <RefCounted#-9223371995633154551>
HOST: Fresh client _paused = false, fresh_client_id = <RefCounted#-9223371995633154551>
HOST: RendezvousClient paused = false, udp = true, elapsed_sec = 2.100, client_state = 2
HOST: HolePunch state = 0, is_active = false
HOST: Wait loop iteration, go_file exists = false
HOST: _process_p2p called, delta=0.010000
HOST: Before poll_rendezvous: hole_punch state=0, is_active=false
HOST: Manual poll_rendezvous: hp.is_active() = false
HOST: Calling set_paused(false)
HOST: After manual poll_rendezvous: client._paused = false
HOST: After tick(delta): client._paused = false, client_id = <RefCounted#-9223371995633154551>
HOST: Fresh client _paused = false, fresh_client_id = <RefCounted#-9223371995633154551>
HOST: RendezvousClient paused = false, udp = true, elapsed_sec = 2.110, client_state = 2
HOST: HolePunch state = 0, is_active = false
HOST: Wait loop iteration, go_file exists = false
HOST: _process_p2p called, delta=0.010000
HOST: Before poll_rendezvous: hole_punch state=0, is_active=false
HOST: Manual poll_rendezvous: hp.is_active() = false
HOST: Calling set_paused(false)
HOST: After manual poll_rendezvous: client._paused = false
HOST: After tick(delta): client._paused = false, client_id = <RefCounted#-9223371995633154551>
HOST: Fresh client _paused = false, fresh_client_id = <RefCounted#-9223371995633154551>
HOST: RendezvousClient paused = false, udp = true, elapsed_sec = 2.120, client_state = 2
HOST: HolePunch state = 0, is_active = false
HOST: Wait loop iteration, go_file exists = false
HOST: _process_p2p called, delta=0.010000
HOST: Before poll_rendezvous: hole_punch state=0, is_active=false
HOST: Manual poll_rendezvous: hp.is_active() = false
HOST: Calling set_paused(false)
HOST: After manual poll_rendezvous: client._paused = false
HOST: After tick(delta): client._paused = false, client_id = <RefCounted#-9223371995633154551>
HOST: Fresh client _paused = false, fresh_client_id = <RefCounted#-9223371995633154551>
HOST: RendezvousClient paused = false, udp = true, elapsed_sec = 2.130, client_state = 2
HOST: HolePunch state = 0, is_active = false
HOST: Wait loop iteration, go_file exists = false
HOST: _process_p2p called, delta=0.010000
HOST: Before poll_rendezvous: hole_punch state=0, is_active=false
HOST: Manual poll_rendezvous: hp.is_active() = false
HOST: Calling set_paused(false)
HOST: After manual poll_rendezvous: client._paused = false
HOST: After tick(delta): client._paused = false, client_id = <RefCounted#-9223371995633154551>
HOST: Fresh client _paused = false, fresh_client_id = <RefCounted#-9223371995633154551>
HOST: RendezvousClient paused = false, udp = true, elapsed_sec = 2.140, client_state = 2
HOST: HolePunch state = 0, is_active = false
HOST: Wait loop iteration, go_file exists = false
HOST: _process_p2p called, delta=0.010000
HOST: Before poll_rendezvous: hole_punch state=0, is_active=false
HOST: Manual poll_rendezvous: hp.is_active() = false
HOST: Calling set_paused(false)
HOST: After manual poll_rendezvous: client._paused = false
HOST: After tick(delta): client._paused = false, client_id = <RefCounted#-9223371995633154551>
HOST: Fresh client _paused = false, fresh_client_id = <RefCounted#-9223371995633154551>
HOST: RendezvousClient paused = false, udp = true, elapsed_sec = 2.150, client_state = 2
HOST: HolePunch state = 0, is_active = false
HOST: Wait loop iteration, go_file exists = false
HOST: _process_p2p called, delta=0.010000
HOST: Before poll_rendezvous: hole_punch state=0, is_active=false
HOST: Manual poll_rendezvous: hp.is_active() = false
HOST: Calling set_paused(false)
HOST: After manual poll_rendezvous: client._paused = false
HOST: After tick(delta): client._paused = false, client_id = <RefCounted#-9223371995633154551>
HOST: Fresh client _paused = false, fresh_client_id = <RefCounted#-9223371995633154551>
HOST: RendezvousClient paused = false, udp = true, elapsed_sec = 2.160, client_state = 2
HOST: HolePunch state = 0, is_active = false
HOST: Wait loop iteration, go_file exists = false
HOST: _process_p2p called, delta=0.010000
HOST: Before poll_rendezvous: hole_punch state=0, is_active=false
HOST: Manual poll_rendezvous: hp.is_active() = false
HOST: Calling set_paused(false)
HOST: After manual poll_rendezvous: client._paused = false
HOST: After tick(delta): client._paused = false, client_id = <RefCounted#-9223371995633154551>
HOST: Fresh client _paused = false, fresh_client_id = <RefCounted#-9223371995633154551>
HOST: RendezvousClient paused = false, udp = true, elapsed_sec = 2.170, client_state = 2
HOST: HolePunch state = 0, is_active = false
HOST: Wait loop iteration, go_file exists = false
HOST: _process_p2p called, delta=0.010000
HOST: Before poll_rendezvous: hole_punch state=0, is_active=false
HOST: Manual poll_rendezvous: hp.is_active() = false
HOST: Calling set_paused(false)
HOST: After manual poll_rendezvous: client._paused = false
HOST: After tick(delta): client._paused = false, client_id = <RefCounted#-9223371995633154551>
HOST: Fresh client _paused = false, fresh_client_id = <RefCounted#-9223371995633154551>
HOST: RendezvousClient paused = false, udp = true, elapsed_sec = 2.180, client_state = 2
HOST: HolePunch state = 0, is_active = false
HOST: Wait loop iteration, go_file exists = false
HOST: _process_p2p called, delta=0.010000
HOST: Before poll_rendezvous: hole_punch state=0, is_active=false
HOST: Manual poll_rendezvous: hp.is_active() = false
HOST: Calling set_paused(false)
HOST: After manual poll_rendezvous: client._paused = false
HOST: After tick(delta): client._paused = false, client_id = <RefCounted#-9223371995633154551>
HOST: Fresh client _paused = false, fresh_client_id = <RefCounted#-9223371995633154551>
HOST: RendezvousClient paused = false, udp = true, elapsed_sec = 2.190, client_state = 2
HOST: HolePunch state = 0, is_active = false
HOST: Wait loop iteration, go_file exists = false
HOST: _process_p2p called, delta=0.010000
HOST: Before poll_rendezvous: hole_punch state=0, is_active=false
HOST: Manual poll_rendezvous: hp.is_active() = false
HOST: Calling set_paused(false)
HOST: After manual poll_rendezvous: client._paused = false
HOST: After tick(delta): client._paused = false, client_id = <RefCounted#-9223371995633154551>
HOST: Fresh client _paused = false, fresh_client_id = <RefCounted#-9223371995633154551>
HOST: RendezvousClient paused = false, udp = true, elapsed_sec = 2.200, client_state = 2
HOST: HolePunch state = 0, is_active = false
HOST: Wait loop iteration, go_file exists = false
HOST: _process_p2p called, delta=0.010000
HOST: Before poll_rendezvous: hole_punch state=0, is_active=false
HOST: Manual poll_rendezvous: hp.is_active() = false
HOST: Calling set_paused(false)
HOST: After manual poll_rendezvous: client._paused = false
HOST: After tick(delta): client._paused = false, client_id = <RefCounted#-9223371995633154551>
HOST: Fresh client _paused = false, fresh_client_id = <RefCounted#-9223371995633154551>
HOST: RendezvousClient paused = false, udp = true, elapsed_sec = 2.210, client_state = 2
HOST: HolePunch state = 0, is_active = false
HOST: Wait loop iteration, go_file exists = false
HOST: _process_p2p called, delta=0.010000
HOST: Before poll_rendezvous: hole_punch state=0, is_active=false
HOST: Manual poll_rendezvous: hp.is_active() = false
HOST: Calling set_paused(false)
HOST: After manual poll_rendezvous: client._paused = false
HOST: After tick(delta): client._paused = false, client_id = <RefCounted#-9223371995633154551>
HOST: Fresh client _paused = false, fresh_client_id = <RefCounted#-9223371995633154551>
HOST: RendezvousClient paused = false, udp = true, elapsed_sec = 2.220, client_state = 2
HOST: HolePunch state = 0, is_active = false
HOST: Wait loop iteration, go_file exists = false
HOST: _process_p2p called, delta=0.010000
HOST: Before poll_rendezvous: hole_punch state=0, is_active=false
HOST: Manual poll_rendezvous: hp.is_active() = false
HOST: Calling set_paused(false)
HOST: After manual poll_rendezvous: client._paused = false
HOST: After tick(delta): client._paused = false, client_id = <RefCounted#-9223371995633154551>
HOST: Fresh client _paused = false, fresh_client_id = <RefCounted#-9223371995633154551>
HOST: RendezvousClient paused = false, udp = true, elapsed_sec = 2.230, client_state = 2
HOST: HolePunch state = 0, is_active = false
HOST: Wait loop iteration, go_file exists = false
HOST: _process_p2p called, delta=0.010000
HOST: Before poll_rendezvous: hole_punch state=0, is_active=false
HOST: Manual poll_rendezvous: hp.is_active() = false
HOST: Calling set_paused(false)
HOST: After manual poll_rendezvous: client._paused = false
HOST: After tick(delta): client._paused = false, client_id = <RefCounted#-9223371995633154551>
HOST: Fresh client _paused = false, fresh_client_id = <RefCounted#-9223371995633154551>
HOST: RendezvousClient paused = false, udp = true, elapsed_sec = 2.240, client_state = 2
HOST: HolePunch state = 0, is_active = false
HOST: Wait loop iteration, go_file exists = false
HOST: _process_p2p called, delta=0.010000
HOST: Before poll_rendezvous: hole_punch state=0, is_active=false
HOST: Manual poll_rendezvous: hp.is_active() = false
HOST: Calling set_paused(false)
HOST: After manual poll_rendezvous: client._paused = false
HOST: After tick(delta): client._paused = false, client_id = <RefCounted#-9223371995633154551>
HOST: Fresh client _paused = false, fresh_client_id = <RefCounted#-9223371995633154551>
HOST: RendezvousClient paused = false, udp = true, elapsed_sec = 2.250, client_state = 2
HOST: HolePunch state = 0, is_active = false
HOST: Wait loop iteration, go_file exists = false
HOST: _process_p2p called, delta=0.010000
HOST: Before poll_rendezvous: hole_punch state=0, is_active=false
HOST: Manual poll_rendezvous: hp.is_active() = false
HOST: Calling set_paused(false)
HOST: After manual poll_rendezvous: client._paused = false
HOST: After tick(delta): client._paused = false, client_id = <RefCounted#-9223371995633154551>
HOST: Fresh client _paused = false, fresh_client_id = <RefCounted#-9223371995633154551>
HOST: RendezvousClient paused = false, udp = true, elapsed_sec = 2.260, client_state = 2
HOST: HolePunch state = 0, is_active = false
HOST: Wait loop iteration, go_file exists = false
HOST: _process_p2p called, delta=0.010000
HOST: Before poll_rendezvous: hole_punch state=0, is_active=false
HOST: Manual poll_rendezvous: hp.is_active() = false
HOST: Calling set_paused(false)
HOST: After manual poll_rendezvous: client._paused = false
HOST: After tick(delta): client._paused = false, client_id = <RefCounted#-9223371995633154551>
HOST: Fresh client _paused = false, fresh_client_id = <RefCounted#-9223371995633154551>
HOST: RendezvousClient paused = false, udp = true, elapsed_sec = 2.270, client_state = 2
HOST: HolePunch state = 0, is_active = false
HOST: Wait loop iteration, go_file exists = false
HOST: _process_p2p called, delta=0.010000
HOST: Before poll_rendezvous: hole_punch state=0, is_active=false
HOST: Manual poll_rendezvous: hp.is_active() = false
HOST: Calling set_paused(false)
HOST: After manual poll_rendezvous: client._paused = false
HOST: After tick(delta): client._paused = false, client_id = <RefCounted#-9223371995633154551>
HOST: Fresh client _paused = false, fresh_client_id = <RefCounted#-9223371995633154551>
HOST: RendezvousClient paused = false, udp = true, elapsed_sec = 2.280, client_state = 2
HOST: HolePunch state = 0, is_active = false
HOST: Wait loop iteration, go_file exists = false
HOST: _process_p2p called, delta=0.010000
HOST: Before poll_rendezvous: hole_punch state=0, is_active=false
HOST: Manual poll_rendezvous: hp.is_active() = false
HOST: Calling set_paused(false)
HOST: After manual poll_rendezvous: client._paused = false
HOST: After tick(delta): client._paused = false, client_id = <RefCounted#-9223371995633154551>
HOST: Fresh client _paused = false, fresh_client_id = <RefCounted#-9223371995633154551>
HOST: RendezvousClient paused = false, udp = true, elapsed_sec = 2.290, client_state = 2
HOST: HolePunch state = 0, is_active = false
HOST: Wait loop iteration, go_file exists = false
HOST: _process_p2p called, delta=0.010000
HOST: Before poll_rendezvous: hole_punch state=0, is_active=false
HOST: Manual poll_rendezvous: hp.is_active() = false
HOST: Calling set_paused(false)
HOST: After manual poll_rendezvous: client._paused = false
HOST: After tick(delta): client._paused = false, client_id = <RefCounted#-9223371995633154551>
HOST: Fresh client _paused = false, fresh_client_id = <RefCounted#-9223371995633154551>
HOST: RendezvousClient paused = false, udp = true, elapsed_sec = 2.300, client_state = 2
HOST: HolePunch state = 0, is_active = false
HOST: Wait loop iteration, go_file exists = false
HOST: _process_p2p called, delta=0.010000
HOST: Before poll_rendezvous: hole_punch state=0, is_active=false
HOST: Manual poll_rendezvous: hp.is_active() = false
HOST: Calling set_paused(false)
HOST: After manual poll_rendezvous: client._paused = false
HOST: After tick(delta): client._paused = false, client_id = <RefCounted#-9223371995633154551>
HOST: Fresh client _paused = false, fresh_client_id = <RefCounted#-9223371995633154551>
HOST: RendezvousClient paused = false, udp = true, elapsed_sec = 2.310, client_state = 2
HOST: HolePunch state = 0, is_active = false
HOST: Wait loop iteration, go_file exists = false
HOST: _process_p2p called, delta=0.010000
HOST: Before poll_rendezvous: hole_punch state=0, is_active=false
HOST: Manual poll_rendezvous: hp.is_active() = false
HOST: Calling set_paused(false)
HOST: After manual poll_rendezvous: client._paused = false
HOST: After tick(delta): client._paused = false, client_id = <RefCounted#-9223371995633154551>
HOST: Fresh client _paused = false, fresh_client_id = <RefCounted#-9223371995633154551>
HOST: RendezvousClient paused = false, udp = true, elapsed_sec = 2.320, client_state = 2
HOST: HolePunch state = 0, is_active = false
HOST: Wait loop iteration, go_file exists = false
HOST: _process_p2p called, delta=0.010000
HOST: Before poll_rendezvous: hole_punch state=0, is_active=false
HOST: Manual poll_rendezvous: hp.is_active() = false
HOST: Calling set_paused(false)
HOST: After manual poll_rendezvous: client._paused = false
HOST: After tick(delta): client._paused = false, client_id = <RefCounted#-9223371995633154551>
HOST: Fresh client _paused = false, fresh_client_id = <RefCounted#-9223371995633154551>
HOST: RendezvousClient paused = false, udp = true, elapsed_sec = 2.330, client_state = 2
HOST: HolePunch state = 0, is_active = false
HOST: Wait loop iteration, go_file exists = false
HOST: _process_p2p called, delta=0.010000
HOST: Before poll_rendezvous: hole_punch state=0, is_active=false
HOST: Manual poll_rendezvous: hp.is_active() = false
HOST: Calling set_paused(false)
HOST: After manual poll_rendezvous: client._paused = false
HOST: After tick(delta): client._paused = false, client_id = <RefCounted#-9223371995633154551>
HOST: Fresh client _paused = false, fresh_client_id = <RefCounted#-9223371995633154551>
HOST: RendezvousClient paused = false, udp = true, elapsed_sec = 2.340, client_state = 2
HOST: HolePunch state = 0, is_active = false
HOST: Wait loop iteration, go_file exists = false
HOST: _process_p2p called, delta=0.010000
HOST: Before poll_rendezvous: hole_punch state=0, is_active=false
HOST: Manual poll_rendezvous: hp.is_active() = false
HOST: Calling set_paused(false)
HOST: After manual poll_rendezvous: client._paused = false
HOST: After tick(delta): client._paused = false, client_id = <RefCounted#-9223371995633154551>
HOST: Fresh client _paused = false, fresh_client_id = <RefCounted#-9223371995633154551>
HOST: RendezvousClient paused = false, udp = true, elapsed_sec = 2.350, client_state = 2
HOST: HolePunch state = 0, is_active = false
HOST: Wait loop iteration, go_file exists = false
HOST: _process_p2p called, delta=0.010000
HOST: Before poll_rendezvous: hole_punch state=0, is_active=false
HOST: Manual poll_rendezvous: hp.is_active() = false
HOST: Calling set_paused(false)
HOST: After manual poll_rendezvous: client._paused = false
HOST: After tick(delta): client._paused = false, client_id = <RefCounted#-9223371995633154551>
HOST: Fresh client _paused = false, fresh_client_id = <RefCounted#-9223371995633154551>
HOST: RendezvousClient paused = false, udp = true, elapsed_sec = 2.360, client_state = 2
HOST: HolePunch state = 0, is_active = false
HOST: Wait loop iteration, go_file exists = false
HOST: _process_p2p called, delta=0.010000
HOST: Before poll_rendezvous: hole_punch state=0, is_active=false
HOST: Manual poll_rendezvous: hp.is_active() = false
HOST: Calling set_paused(false)
HOST: After manual poll_rendezvous: client._paused = false
HOST: After tick(delta): client._paused = false, client_id = <RefCounted#-9223371995633154551>
HOST: Fresh client _paused = false, fresh_client_id = <RefCounted#-9223371995633154551>
HOST: RendezvousClient paused = false, udp = true, elapsed_sec = 2.370, client_state = 2
HOST: HolePunch state = 0, is_active = false
HOST: Wait loop iteration, go_file exists = false
HOST: _process_p2p called, delta=0.010000
HOST: Before poll_rendezvous: hole_punch state=0, is_active=false
HOST: Manual poll_rendezvous: hp.is_active() = false
HOST: Calling set_paused(false)
HOST: After manual poll_rendezvous: client._paused = false
HOST: After tick(delta): client._paused = false, client_id = <RefCounted#-9223371995633154551>
HOST: Fresh client _paused = false, fresh_client_id = <RefCounted#-9223371995633154551>
HOST: RendezvousClient paused = false, udp = true, elapsed_sec = 2.380, client_state = 2
HOST: HolePunch state = 0, is_active = false
HOST: Wait loop iteration, go_file exists = false
HOST: _process_p2p called, delta=0.010000
HOST: Before poll_rendezvous: hole_punch state=0, is_active=false
HOST: Manual poll_rendezvous: hp.is_active() = false
HOST: Calling set_paused(false)
HOST: After manual poll_rendezvous: client._paused = false
HOST: After tick(delta): client._paused = false, client_id = <RefCounted#-9223371995633154551>
HOST: Fresh client _paused = false, fresh_client_id = <RefCounted#-9223371995633154551>
HOST: RendezvousClient paused = false, udp = true, elapsed_sec = 2.390, client_state = 2
HOST: HolePunch state = 0, is_active = false
HOST: Wait loop iteration, go_file exists = false
HOST: _process_p2p called, delta=0.010000
HOST: Before poll_rendezvous: hole_punch state=0, is_active=false
HOST: Manual poll_rendezvous: hp.is_active() = false
HOST: Calling set_paused(false)
HOST: After manual poll_rendezvous: client._paused = false
HOST: After tick(delta): client._paused = false, client_id = <RefCounted#-9223371995633154551>
HOST: Fresh client _paused = false, fresh_client_id = <RefCounted#-9223371995633154551>
HOST: RendezvousClient paused = false, udp = true, elapsed_sec = 2.400, client_state = 2
HOST: HolePunch state = 0, is_active = false
HOST: Wait loop iteration, go_file exists = false
HOST: _process_p2p called, delta=0.010000
HOST: Before poll_rendezvous: hole_punch state=0, is_active=false
HOST: Manual poll_rendezvous: hp.is_active() = false
HOST: Calling set_paused(false)
HOST: After manual poll_rendezvous: client._paused = false
HOST: After tick(delta): client._paused = false, client_id = <RefCounted#-9223371995633154551>
HOST: Fresh client _paused = false, fresh_client_id = <RefCounted#-9223371995633154551>
HOST: RendezvousClient paused = false, udp = true, elapsed_sec = 2.410, client_state = 2
HOST: HolePunch state = 0, is_active = false
HOST: Wait loop iteration, go_file exists = false
HOST: _process_p2p called, delta=0.010000
HOST: Before poll_rendezvous: hole_punch state=0, is_active=false
HOST: Manual poll_rendezvous: hp.is_active() = false
HOST: Calling set_paused(false)
HOST: After manual poll_rendezvous: client._paused = false
HOST: After tick(delta): client._paused = false, client_id = <RefCounted#-9223371995633154551>
HOST: Fresh client _paused = false, fresh_client_id = <RefCounted#-9223371995633154551>
HOST: RendezvousClient paused = false, udp = true, elapsed_sec = 2.420, client_state = 2
HOST: HolePunch state = 0, is_active = false
HOST: Wait loop iteration, go_file exists = false
HOST: _process_p2p called, delta=0.010000
HOST: Before poll_rendezvous: hole_punch state=0, is_active=false
HOST: Manual poll_rendezvous: hp.is_active() = false
HOST: Calling set_paused(false)
HOST: After manual poll_rendezvous: client._paused = false
HOST: After tick(delta): client._paused = false, client_id = <RefCounted#-9223371995633154551>
HOST: Fresh client _paused = false, fresh_client_id = <RefCounted#-9223371995633154551>
HOST: RendezvousClient paused = false, udp = true, elapsed_sec = 2.430, client_state = 2
HOST: HolePunch state = 0, is_active = false
HOST: Wait loop iteration, go_file exists = false
HOST: _process_p2p called, delta=0.010000
HOST: Before poll_rendezvous: hole_punch state=0, is_active=false
HOST: Manual poll_rendezvous: hp.is_active() = false
HOST: Calling set_paused(false)
HOST: After manual poll_rendezvous: client._paused = false
HOST: After tick(delta): client._paused = false, client_id = <RefCounted#-9223371995633154551>
HOST: Fresh client _paused = false, fresh_client_id = <RefCounted#-9223371995633154551>
HOST: RendezvousClient paused = false, udp = true, elapsed_sec = 2.440, client_state = 2
HOST: HolePunch state = 0, is_active = false
HOST: Wait loop iteration, go_file exists = false
HOST: _process_p2p called, delta=0.010000
HOST: Before poll_rendezvous: hole_punch state=0, is_active=false
HOST: Manual poll_rendezvous: hp.is_active() = false
HOST: Calling set_paused(false)
HOST: After manual poll_rendezvous: client._paused = false
HOST: After tick(delta): client._paused = false, client_id = <RefCounted#-9223371995633154551>
HOST: Fresh client _paused = false, fresh_client_id = <RefCounted#-9223371995633154551>
HOST: RendezvousClient paused = false, udp = true, elapsed_sec = 2.450, client_state = 2
HOST: HolePunch state = 0, is_active = false
HOST: Wait loop iteration, go_file exists = false
HOST: _process_p2p called, delta=0.010000
HOST: Before poll_rendezvous: hole_punch state=0, is_active=false
HOST: Manual poll_rendezvous: hp.is_active() = false
HOST: Calling set_paused(false)
HOST: After manual poll_rendezvous: client._paused = false
HOST: After tick(delta): client._paused = false, client_id = <RefCounted#-9223371995633154551>
HOST: Fresh client _paused = false, fresh_client_id = <RefCounted#-9223371995633154551>
HOST: RendezvousClient paused = false, udp = true, elapsed_sec = 2.460, client_state = 2
HOST: HolePunch state = 0, is_active = false
HOST: Wait loop iteration, go_file exists = false
HOST: _process_p2p called, delta=0.010000
HOST: Before poll_rendezvous: hole_punch state=0, is_active=false
HOST: Manual poll_rendezvous: hp.is_active() = false
HOST: Calling set_paused(false)
HOST: After manual poll_rendezvous: client._paused = false
HOST: After tick(delta): client._paused = false, client_id = <RefCounted#-9223371995633154551>
HOST: Fresh client _paused = false, fresh_client_id = <RefCounted#-9223371995633154551>
HOST: RendezvousClient paused = false, udp = true, elapsed_sec = 2.470, client_state = 2
HOST: HolePunch state = 0, is_active = false
HOST: Wait loop iteration, go_file exists = false
HOST: _process_p2p called, delta=0.010000
HOST: Before poll_rendezvous: hole_punch state=0, is_active=false
HOST: Manual poll_rendezvous: hp.is_active() = false
HOST: Calling set_paused(false)
HOST: After manual poll_rendezvous: client._paused = false
HOST: After tick(delta): client._paused = false, client_id = <RefCounted#-9223371995633154551>
HOST: Fresh client _paused = false, fresh_client_id = <RefCounted#-9223371995633154551>
HOST: RendezvousClient paused = false, udp = true, elapsed_sec = 2.480, client_state = 2
HOST: HolePunch state = 0, is_active = false
HOST: Wait loop iteration, go_file exists = false
HOST: _process_p2p called, delta=0.010000
HOST: Before poll_rendezvous: hole_punch state=0, is_active=false
HOST: Manual poll_rendezvous: hp.is_active() = false
HOST: Calling set_paused(false)
HOST: After manual poll_rendezvous: client._paused = false
HOST: After tick(delta): client._paused = false, client_id = <RefCounted#-9223371995633154551>
HOST: Fresh client _paused = false, fresh_client_id = <RefCounted#-9223371995633154551>
HOST: RendezvousClient paused = false, udp = true, elapsed_sec = 2.490, client_state = 2
HOST: HolePunch state = 0, is_active = false
HOST: Wait loop iteration, go_file exists = false
HOST: _process_p2p called, delta=0.010000
HOST: Before poll_rendezvous: hole_punch state=0, is_active=false
HOST: Manual poll_rendezvous: hp.is_active() = false
HOST: Calling set_paused(false)
HOST: After manual poll_rendezvous: client._paused = false
HOST: After tick(delta): client._paused = false, client_id = <RefCounted#-9223371995633154551>
HOST: Fresh client _paused = false, fresh_client_id = <RefCounted#-9223371995633154551>
HOST: RendezvousClient paused = false, udp = true, elapsed_sec = 2.500, client_state = 2
HOST: HolePunch state = 0, is_active = false
HOST: Wait loop iteration, go_file exists = false
HOST: _process_p2p called, delta=0.010000
HOST: Before poll_rendezvous: hole_punch state=0, is_active=false
HOST: Manual poll_rendezvous: hp.is_active() = false
HOST: Calling set_paused(false)
HOST: After manual poll_rendezvous: client._paused = false
HOST: After tick(delta): client._paused = false, client_id = <RefCounted#-9223371995633154551>
HOST: Fresh client _paused = false, fresh_client_id = <RefCounted#-9223371995633154551>
HOST: RendezvousClient paused = false, udp = true, elapsed_sec = 2.510, client_state = 2
HOST: HolePunch state = 0, is_active = false
HOST: Wait loop iteration, go_file exists = false
HOST: _process_p2p called, delta=0.010000
HOST: Before poll_rendezvous: hole_punch state=0, is_active=false
HOST: Manual poll_rendezvous: hp.is_active() = false
HOST: Calling set_paused(false)
HOST: After manual poll_rendezvous: client._paused = false
HOST: After tick(delta): client._paused = false, client_id = <RefCounted#-9223371995633154551>
HOST: Fresh client _paused = false, fresh_client_id = <RefCounted#-9223371995633154551>
HOST: RendezvousClient paused = false, udp = true, elapsed_sec = 2.520, client_state = 2
HOST: HolePunch state = 0, is_active = false
HOST: Wait loop iteration, go_file exists = false
HOST: _process_p2p called, delta=0.010000
HOST: Before poll_rendezvous: hole_punch state=0, is_active=false
HOST: Manual poll_rendezvous: hp.is_active() = false
HOST: Calling set_paused(false)
HOST: After manual poll_rendezvous: client._paused = false
HOST: After tick(delta): client._paused = false, client_id = <RefCounted#-9223371995633154551>
HOST: Fresh client _paused = false, fresh_client_id = <RefCounted#-9223371995633154551>
HOST: RendezvousClient paused = false, udp = true, elapsed_sec = 2.530, client_state = 2
HOST: HolePunch state = 0, is_active = false
HOST: Wait loop iteration, go_file exists = false
HOST: _process_p2p called, delta=0.010000
HOST: Before poll_rendezvous: hole_punch state=0, is_active=false
HOST: Manual poll_rendezvous: hp.is_active() = false
HOST: Calling set_paused(false)
HOST: After manual poll_rendezvous: client._paused = false
HOST: After tick(delta): client._paused = false, client_id = <RefCounted#-9223371995633154551>
HOST: Fresh client _paused = false, fresh_client_id = <RefCounted#-9223371995633154551>
HOST: RendezvousClient paused = false, udp = true, elapsed_sec = 2.540, client_state = 2
HOST: HolePunch state = 0, is_active = false
HOST: Wait loop iteration, go_file exists = false
HOST: _process_p2p called, delta=0.010000
HOST: Before poll_rendezvous: hole_punch state=0, is_active=false
HOST: Manual poll_rendezvous: hp.is_active() = false
HOST: Calling set_paused(false)
HOST: After manual poll_rendezvous: client._paused = false
HOST: After tick(delta): client._paused = false, client_id = <RefCounted#-9223371995633154551>
HOST: Fresh client _paused = false, fresh_client_id = <RefCounted#-9223371995633154551>
HOST: RendezvousClient paused = false, udp = true, elapsed_sec = 2.550, client_state = 2
HOST: HolePunch state = 0, is_active = false
HOST: Wait loop iteration, go_file exists = false
HOST: _process_p2p called, delta=0.010000
HOST: Before poll_rendezvous: hole_punch state=0, is_active=false
HOST: Manual poll_rendezvous: hp.is_active() = false
HOST: Calling set_paused(false)
HOST: After manual poll_rendezvous: client._paused = false
HOST: After tick(delta): client._paused = false, client_id = <RefCounted#-9223371995633154551>
HOST: Fresh client _paused = false, fresh_client_id = <RefCounted#-9223371995633154551>
HOST: RendezvousClient paused = false, udp = true, elapsed_sec = 2.560, client_state = 2
HOST: HolePunch state = 0, is_active = false
HOST: Wait loop iteration, go_file exists = false
HOST: _process_p2p called, delta=0.010000
HOST: Before poll_rendezvous: hole_punch state=0, is_active=false
HOST: Manual poll_rendezvous: hp.is_active() = false
HOST: Calling set_paused(false)
HOST: After manual poll_rendezvous: client._paused = false
HOST: After tick(delta): client._paused = false, client_id = <RefCounted#-9223371995633154551>
HOST: Fresh client _paused = false, fresh_client_id = <RefCounted#-9223371995633154551>
HOST: RendezvousClient paused = false, udp = true, elapsed_sec = 2.570, client_state = 2
HOST: HolePunch state = 0, is_active = false
HOST: Wait loop iteration, go_file exists = false
HOST: _process_p2p called, delta=0.010000
HOST: Before poll_rendezvous: hole_punch state=0, is_active=false
HOST: Manual poll_rendezvous: hp.is_active() = false
HOST: Calling set_paused(false)
HOST: After manual poll_rendezvous: client._paused = false
HOST: After tick(delta): client._paused = false, client_id = <RefCounted#-9223371995633154551>
HOST: Fresh client _paused = false, fresh_client_id = <RefCounted#-9223371995633154551>
HOST: RendezvousClient paused = false, udp = true, elapsed_sec = 2.580, client_state = 2
HOST: HolePunch state = 0, is_active = false
HOST: Wait loop iteration, go_file exists = false
HOST: _process_p2p called, delta=0.010000
HOST: Before poll_rendezvous: hole_punch state=0, is_active=false
HOST: Manual poll_rendezvous: hp.is_active() = false
HOST: Calling set_paused(false)
HOST: After manual poll_rendezvous: client._paused = false
HOST: After tick(delta): client._paused = false, client_id = <RefCounted#-9223371995633154551>
HOST: Fresh client _paused = false, fresh_client_id = <RefCounted#-9223371995633154551>
HOST: RendezvousClient paused = false, udp = true, elapsed_sec = 2.590, client_state = 2
HOST: HolePunch state = 0, is_active = false
HOST: Wait loop iteration, go_file exists = false
HOST: _process_p2p called, delta=0.010000
HOST: Before poll_rendezvous: hole_punch state=0, is_active=false
HOST: Manual poll_rendezvous: hp.is_active() = false
HOST: Calling set_paused(false)
HOST: After manual poll_rendezvous: client._paused = false
HOST: After tick(delta): client._paused = false, client_id = <RefCounted#-9223371995633154551>
HOST: Fresh client _paused = false, fresh_client_id = <RefCounted#-9223371995633154551>
HOST: RendezvousClient paused = false, udp = true, elapsed_sec = 2.600, client_state = 2
HOST: HolePunch state = 0, is_active = false
HOST: Wait loop iteration, go_file exists = false
HOST: _process_p2p called, delta=0.010000
HOST: Before poll_rendezvous: hole_punch state=0, is_active=false
HOST: Manual poll_rendezvous: hp.is_active() = false
HOST: Calling set_paused(false)
HOST: After manual poll_rendezvous: client._paused = false
HOST: After tick(delta): client._paused = false, client_id = <RefCounted#-9223371995633154551>
HOST: Fresh client _paused = false, fresh_client_id = <RefCounted#-9223371995633154551>
HOST: RendezvousClient paused = false, udp = true, elapsed_sec = 2.610, client_state = 2
HOST: HolePunch state = 0, is_active = false
HOST: Wait loop iteration, go_file exists = false
HOST: _process_p2p called, delta=0.010000
HOST: Before poll_rendezvous: hole_punch state=0, is_active=false
HOST: Manual poll_rendezvous: hp.is_active() = false
HOST: Calling set_paused(false)
HOST: After manual poll_rendezvous: client._paused = false
HOST: After tick(delta): client._paused = false, client_id = <RefCounted#-9223371995633154551>
HOST: Fresh client _paused = false, fresh_client_id = <RefCounted#-9223371995633154551>
HOST: RendezvousClient paused = false, udp = true, elapsed_sec = 2.620, client_state = 2
HOST: HolePunch state = 0, is_active = false
HOST: Wait loop iteration, go_file exists = false
HOST: _process_p2p called, delta=0.010000
HOST: Before poll_rendezvous: hole_punch state=0, is_active=false
HOST: Manual poll_rendezvous: hp.is_active() = false
HOST: Calling set_paused(false)
HOST: After manual poll_rendezvous: client._paused = false
HOST: After tick(delta): client._paused = false, client_id = <RefCounted#-9223371995633154551>
HOST: Fresh client _paused = false, fresh_client_id = <RefCounted#-9223371995633154551>
HOST: RendezvousClient paused = false, udp = true, elapsed_sec = 2.630, client_state = 2
HOST: HolePunch state = 0, is_active = false
HOST: Wait loop iteration, go_file exists = false
HOST: _process_p2p called, delta=0.010000
HOST: Before poll_rendezvous: hole_punch state=0, is_active=false
HOST: Manual poll_rendezvous: hp.is_active() = false
HOST: Calling set_paused(false)
HOST: After manual poll_rendezvous: client._paused = false
HOST: After tick(delta): client._paused = false, client_id = <RefCounted#-9223371995633154551>
HOST: Fresh client _paused = false, fresh_client_id = <RefCounted#-9223371995633154551>
HOST: RendezvousClient paused = false, udp = true, elapsed_sec = 2.640, client_state = 2
HOST: HolePunch state = 0, is_active = false
HOST: Wait loop iteration, go_file exists = false
HOST: _process_p2p called, delta=0.010000
HOST: Before poll_rendezvous: hole_punch state=0, is_active=false
HOST: Manual poll_rendezvous: hp.is_active() = false
HOST: Calling set_paused(false)
HOST: After manual poll_rendezvous: client._paused = false
HOST: After tick(delta): client._paused = false, client_id = <RefCounted#-9223371995633154551>
HOST: Fresh client _paused = false, fresh_client_id = <RefCounted#-9223371995633154551>
HOST: RendezvousClient paused = false, udp = true, elapsed_sec = 2.650, client_state = 2
HOST: HolePunch state = 0, is_active = false
HOST: Wait loop iteration, go_file exists = false
HOST: _process_p2p called, delta=0.010000
HOST: Before poll_rendezvous: hole_punch state=0, is_active=false
HOST: Manual poll_rendezvous: hp.is_active() = false
HOST: Calling set_paused(false)
HOST: After manual poll_rendezvous: client._paused = false
HOST: After tick(delta): client._paused = false, client_id = <RefCounted#-9223371995633154551>
HOST: Fresh client _paused = false, fresh_client_id = <RefCounted#-9223371995633154551>
HOST: RendezvousClient paused = false, udp = true, elapsed_sec = 2.660, client_state = 2
HOST: HolePunch state = 0, is_active = false
HOST: Wait loop iteration, go_file exists = false
HOST: _process_p2p called, delta=0.010000
HOST: Before poll_rendezvous: hole_punch state=0, is_active=false
HOST: Manual poll_rendezvous: hp.is_active() = false
HOST: Calling set_paused(false)
HOST: After manual poll_rendezvous: client._paused = false
HOST: After tick(delta): client._paused = false, client_id = <RefCounted#-9223371995633154551>
HOST: Fresh client _paused = false, fresh_client_id = <RefCounted#-9223371995633154551>
HOST: RendezvousClient paused = false, udp = true, elapsed_sec = 2.670, client_state = 2
HOST: HolePunch state = 0, is_active = false
HOST: Wait loop iteration, go_file exists = false
HOST: _process_p2p called, delta=0.010000
HOST: Before poll_rendezvous: hole_punch state=0, is_active=false
HOST: Manual poll_rendezvous: hp.is_active() = false
HOST: Calling set_paused(false)
HOST: After manual poll_rendezvous: client._paused = false
HOST: After tick(delta): client._paused = false, client_id = <RefCounted#-9223371995633154551>
HOST: Fresh client _paused = false, fresh_client_id = <RefCounted#-9223371995633154551>
HOST: RendezvousClient paused = false, udp = true, elapsed_sec = 2.680, client_state = 2
HOST: HolePunch state = 0, is_active = false
HOST: Wait loop iteration, go_file exists = false
HOST: _process_p2p called, delta=0.010000
HOST: Before poll_rendezvous: hole_punch state=0, is_active=false
HOST: Manual poll_rendezvous: hp.is_active() = false
HOST: Calling set_paused(false)
HOST: After manual poll_rendezvous: client._paused = false
HOST: After tick(delta): client._paused = false, client_id = <RefCounted#-9223371995633154551>
HOST: Fresh client _paused = false, fresh_client_id = <RefCounted#-9223371995633154551>
HOST: RendezvousClient paused = false, udp = true, elapsed_sec = 2.690, client_state = 2
HOST: HolePunch state = 0, is_active = false
HOST: Wait loop iteration, go_file exists = false
HOST: _process_p2p called, delta=0.010000
HOST: Before poll_rendezvous: hole_punch state=0, is_active=false
HOST: Manual poll_rendezvous: hp.is_active() = false
HOST: Calling set_paused(false)
HOST: After manual poll_rendezvous: client._paused = false
HOST: After tick(delta): client._paused = false, client_id = <RefCounted#-9223371995633154551>
HOST: Fresh client _paused = false, fresh_client_id = <RefCounted#-9223371995633154551>
HOST: RendezvousClient paused = false, udp = true, elapsed_sec = 2.700, client_state = 2
HOST: HolePunch state = 0, is_active = false
HOST: Wait loop iteration, go_file exists = false
HOST: _process_p2p called, delta=0.010000
HOST: Before poll_rendezvous: hole_punch state=0, is_active=false
HOST: Manual poll_rendezvous: hp.is_active() = false
HOST: Calling set_paused(false)
HOST: After manual poll_rendezvous: client._paused = false
HOST: After tick(delta): client._paused = false, client_id = <RefCounted#-9223371995633154551>
HOST: Fresh client _paused = false, fresh_client_id = <RefCounted#-9223371995633154551>
HOST: RendezvousClient paused = false, udp = true, elapsed_sec = 2.710, client_state = 2
HOST: HolePunch state = 0, is_active = false
HOST: Wait loop iteration, go_file exists = false
HOST: _process_p2p called, delta=0.010000
HOST: Before poll_rendezvous: hole_punch state=0, is_active=false
HOST: Manual poll_rendezvous: hp.is_active() = false
HOST: Calling set_paused(false)
HOST: After manual poll_rendezvous: client._paused = false
HOST: After tick(delta): client._paused = false, client_id = <RefCounted#-9223371995633154551>
HOST: Fresh client _paused = false, fresh_client_id = <RefCounted#-9223371995633154551>
HOST: RendezvousClient paused = false, udp = true, elapsed_sec = 2.720, client_state = 2
HOST: HolePunch state = 0, is_active = false
HOST: Wait loop iteration, go_file exists = false
HOST: _process_p2p called, delta=0.010000
HOST: Before poll_rendezvous: hole_punch state=0, is_active=false
HOST: Manual poll_rendezvous: hp.is_active() = false
HOST: Calling set_paused(false)
HOST: After manual poll_rendezvous: client._paused = false
HOST: After tick(delta): client._paused = false, client_id = <RefCounted#-9223371995633154551>
HOST: Fresh client _paused = false, fresh_client_id = <RefCounted#-9223371995633154551>
HOST: RendezvousClient paused = false, udp = true, elapsed_sec = 2.730, client_state = 2
HOST: HolePunch state = 0, is_active = false
HOST: Wait loop iteration, go_file exists = false
HOST: _process_p2p called, delta=0.010000
HOST: Before poll_rendezvous: hole_punch state=0, is_active=false
HOST: Manual poll_rendezvous: hp.is_active() = false
HOST: Calling set_paused(false)
HOST: After manual poll_rendezvous: client._paused = false
HOST: After tick(delta): client._paused = false, client_id = <RefCounted#-9223371995633154551>
HOST: Fresh client _paused = false, fresh_client_id = <RefCounted#-9223371995633154551>
HOST: RendezvousClient paused = false, udp = true, elapsed_sec = 2.740, client_state = 2
HOST: HolePunch state = 0, is_active = false
HOST: Wait loop iteration, go_file exists = false
HOST: _process_p2p called, delta=0.010000
HOST: Before poll_rendezvous: hole_punch state=0, is_active=false
HOST: Manual poll_rendezvous: hp.is_active() = false
HOST: Calling set_paused(false)
HOST: After manual poll_rendezvous: client._paused = false
HOST: After tick(delta): client._paused = false, client_id = <RefCounted#-9223371995633154551>
HOST: Fresh client _paused = false, fresh_client_id = <RefCounted#-9223371995633154551>
HOST: RendezvousClient paused = false, udp = true, elapsed_sec = 2.750, client_state = 2
HOST: HolePunch state = 0, is_active = false
HOST: Wait loop iteration, go_file exists = false
HOST: _process_p2p called, delta=0.010000
HOST: Before poll_rendezvous: hole_punch state=0, is_active=false
HOST: Manual poll_rendezvous: hp.is_active() = false
HOST: Calling set_paused(false)
HOST: After manual poll_rendezvous: client._paused = false
HOST: After tick(delta): client._paused = false, client_id = <RefCounted#-9223371995633154551>
HOST: Fresh client _paused = false, fresh_client_id = <RefCounted#-9223371995633154551>
HOST: RendezvousClient paused = false, udp = true, elapsed_sec = 2.760, client_state = 2
HOST: HolePunch state = 0, is_active = false
HOST: Wait loop iteration, go_file exists = false
HOST: _process_p2p called, delta=0.010000
HOST: Before poll_rendezvous: hole_punch state=0, is_active=false
HOST: Manual poll_rendezvous: hp.is_active() = false
HOST: Calling set_paused(false)
HOST: After manual poll_rendezvous: client._paused = false
HOST: After tick(delta): client._paused = false, client_id = <RefCounted#-9223371995633154551>
HOST: Fresh client _paused = false, fresh_client_id = <RefCounted#-9223371995633154551>
HOST: RendezvousClient paused = false, udp = true, elapsed_sec = 2.770, client_state = 2
HOST: HolePunch state = 0, is_active = false
HOST: Wait loop iteration, go_file exists = false
HOST: _process_p2p called, delta=0.010000
HOST: Before poll_rendezvous: hole_punch state=0, is_active=false
HOST: Manual poll_rendezvous: hp.is_active() = false
HOST: Calling set_paused(false)
HOST: After manual poll_rendezvous: client._paused = false
HOST: After tick(delta): client._paused = false, client_id = <RefCounted#-9223371995633154551>
HOST: Fresh client _paused = false, fresh_client_id = <RefCounted#-9223371995633154551>
HOST: RendezvousClient paused = false, udp = true, elapsed_sec = 2.780, client_state = 2
HOST: HolePunch state = 0, is_active = false
HOST: Wait loop iteration, go_file exists = false
HOST: _process_p2p called, delta=0.010000
HOST: Before poll_rendezvous: hole_punch state=0, is_active=false
HOST: Manual poll_rendezvous: hp.is_active() = false
HOST: Calling set_paused(false)
HOST: After manual poll_rendezvous: client._paused = false
HOST: After tick(delta): client._paused = false, client_id = <RefCounted#-9223371995633154551>
HOST: Fresh client _paused = false, fresh_client_id = <RefCounted#-9223371995633154551>
HOST: RendezvousClient paused = false, udp = true, elapsed_sec = 2.790, client_state = 2
HOST: HolePunch state = 0, is_active = false
HOST: Wait loop iteration, go_file exists = false
HOST: _process_p2p called, delta=0.010000
HOST: Before poll_rendezvous: hole_punch state=0, is_active=false
HOST: Manual poll_rendezvous: hp.is_active() = false
HOST: Calling set_paused(false)
HOST: After manual poll_rendezvous: client._paused = false
HOST: After tick(delta): client._paused = false, client_id = <RefCounted#-9223371995633154551>
HOST: Fresh client _paused = false, fresh_client_id = <RefCounted#-9223371995633154551>
HOST: RendezvousClient paused = false, udp = true, elapsed_sec = 2.800, client_state = 2
HOST: HolePunch state = 0, is_active = false
HOST: Wait loop iteration, go_file exists = false
HOST: _process_p2p called, delta=0.010000
HOST: Before poll_rendezvous: hole_punch state=0, is_active=false
HOST: Manual poll_rendezvous: hp.is_active() = false
HOST: Calling set_paused(false)
HOST: After manual poll_rendezvous: client._paused = false
HOST: After tick(delta): client._paused = false, client_id = <RefCounted#-9223371995633154551>
HOST: Fresh client _paused = false, fresh_client_id = <RefCounted#-9223371995633154551>
HOST: RendezvousClient paused = false, udp = true, elapsed_sec = 2.810, client_state = 2
HOST: HolePunch state = 0, is_active = false
HOST: Wait loop iteration, go_file exists = false
HOST: _process_p2p called, delta=0.010000
HOST: Before poll_rendezvous: hole_punch state=0, is_active=false
HOST: Manual poll_rendezvous: hp.is_active() = false
HOST: Calling set_paused(false)
HOST: After manual poll_rendezvous: client._paused = false
HOST: After tick(delta): client._paused = false, client_id = <RefCounted#-9223371995633154551>
HOST: Fresh client _paused = false, fresh_client_id = <RefCounted#-9223371995633154551>
HOST: RendezvousClient paused = false, udp = true, elapsed_sec = 2.820, client_state = 2
HOST: HolePunch state = 0, is_active = false
HOST: Wait loop iteration, go_file exists = false
HOST: _process_p2p called, delta=0.010000
HOST: Before poll_rendezvous: hole_punch state=0, is_active=false
HOST: Manual poll_rendezvous: hp.is_active() = false
HOST: Calling set_paused(false)
HOST: After manual poll_rendezvous: client._paused = false
HOST: After tick(delta): client._paused = false, client_id = <RefCounted#-9223371995633154551>
HOST: Fresh client _paused = false, fresh_client_id = <RefCounted#-9223371995633154551>
HOST: RendezvousClient paused = false, udp = true, elapsed_sec = 2.830, client_state = 2
HOST: HolePunch state = 0, is_active = false
HOST: Wait loop iteration, go_file exists = false
HOST: _process_p2p called, delta=0.010000
HOST: Before poll_rendezvous: hole_punch state=0, is_active=false
HOST: Manual poll_rendezvous: hp.is_active() = false
HOST: Calling set_paused(false)
HOST: After manual poll_rendezvous: client._paused = false
HOST: After tick(delta): client._paused = false, client_id = <RefCounted#-9223371995633154551>
HOST: Fresh client _paused = false, fresh_client_id = <RefCounted#-9223371995633154551>
HOST: RendezvousClient paused = false, udp = true, elapsed_sec = 2.840, client_state = 2
HOST: HolePunch state = 0, is_active = false
HOST: Wait loop iteration, go_file exists = false
HOST: _process_p2p called, delta=0.010000
HOST: Before poll_rendezvous: hole_punch state=0, is_active=false
HOST: Manual poll_rendezvous: hp.is_active() = false
HOST: Calling set_paused(false)
HOST: After manual poll_rendezvous: client._paused = false
HOST: After tick(delta): client._paused = false, client_id = <RefCounted#-9223371995633154551>
HOST: Fresh client _paused = false, fresh_client_id = <RefCounted#-9223371995633154551>
HOST: RendezvousClient paused = false, udp = true, elapsed_sec = 2.850, client_state = 2
HOST: HolePunch state = 0, is_active = false
HOST: Wait loop iteration, go_file exists = false
HOST: _process_p2p called, delta=0.010000
HOST: Before poll_rendezvous: hole_punch state=0, is_active=false
HOST: Manual poll_rendezvous: hp.is_active() = false
HOST: Calling set_paused(false)
HOST: After manual poll_rendezvous: client._paused = false
HOST: After tick(delta): client._paused = false, client_id = <RefCounted#-9223371995633154551>
HOST: Fresh client _paused = false, fresh_client_id = <RefCounted#-9223371995633154551>
HOST: RendezvousClient paused = false, udp = true, elapsed_sec = 2.860, client_state = 2
HOST: HolePunch state = 0, is_active = false
HOST: Wait loop iteration, go_file exists = false
HOST: _process_p2p called, delta=0.010000
HOST: Before poll_rendezvous: hole_punch state=0, is_active=false
HOST: Manual poll_rendezvous: hp.is_active() = false
HOST: Calling set_paused(false)
HOST: After manual poll_rendezvous: client._paused = false
HOST: After tick(delta): client._paused = false, client_id = <RefCounted#-9223371995633154551>
HOST: Fresh client _paused = false, fresh_client_id = <RefCounted#-9223371995633154551>
HOST: RendezvousClient paused = false, udp = true, elapsed_sec = 2.870, client_state = 2
HOST: HolePunch state = 0, is_active = false
HOST: Wait loop iteration, go_file exists = false
HOST: _process_p2p called, delta=0.010000
HOST: Before poll_rendezvous: hole_punch state=0, is_active=false
HOST: Manual poll_rendezvous: hp.is_active() = false
HOST: Calling set_paused(false)
HOST: After manual poll_rendezvous: client._paused = false
HOST: After tick(delta): client._paused = false, client_id = <RefCounted#-9223371995633154551>
HOST: Fresh client _paused = false, fresh_client_id = <RefCounted#-9223371995633154551>
HOST: RendezvousClient paused = false, udp = true, elapsed_sec = 2.880, client_state = 2
HOST: HolePunch state = 0, is_active = false
HOST: Wait loop iteration, go_file exists = false
HOST: _process_p2p called, delta=0.010000
HOST: Before poll_rendezvous: hole_punch state=0, is_active=false
HOST: Manual poll_rendezvous: hp.is_active() = false
HOST: Calling set_paused(false)
HOST: After manual poll_rendezvous: client._paused = false
HOST: After tick(delta): client._paused = false, client_id = <RefCounted#-9223371995633154551>
HOST: Fresh client _paused = false, fresh_client_id = <RefCounted#-9223371995633154551>
HOST: RendezvousClient paused = false, udp = true, elapsed_sec = 2.890, client_state = 2
HOST: HolePunch state = 0, is_active = false
HOST: Wait loop iteration, go_file exists = false
HOST: _process_p2p called, delta=0.010000
HOST: Before poll_rendezvous: hole_punch state=0, is_active=false
HOST: Manual poll_rendezvous: hp.is_active() = false
HOST: Calling set_paused(false)
HOST: After manual poll_rendezvous: client._paused = false
HOST: After tick(delta): client._paused = false, client_id = <RefCounted#-9223371995633154551>
HOST: Fresh client _paused = false, fresh_client_id = <RefCounted#-9223371995633154551>
HOST: RendezvousClient paused = false, udp = true, elapsed_sec = 2.900, client_state = 2
HOST: HolePunch state = 0, is_active = false
HOST: Wait loop iteration, go_file exists = false
HOST: _process_p2p called, delta=0.010000
HOST: Before poll_rendezvous: hole_punch state=0, is_active=false
HOST: Manual poll_rendezvous: hp.is_active() = false
HOST: Calling set_paused(false)
HOST: After manual poll_rendezvous: client._paused = false
HOST: After tick(delta): client._paused = false, client_id = <RefCounted#-9223371995633154551>
HOST: Fresh client _paused = false, fresh_client_id = <RefCounted#-9223371995633154551>
HOST: RendezvousClient paused = false, udp = true, elapsed_sec = 2.910, client_state = 2
HOST: HolePunch state = 0, is_active = false
HOST: Wait loop iteration, go_file exists = false
HOST: _process_p2p called, delta=0.010000
HOST: Before poll_rendezvous: hole_punch state=0, is_active=false
HOST: Manual poll_rendezvous: hp.is_active() = false
HOST: Calling set_paused(false)
HOST: After manual poll_rendezvous: client._paused = false
HOST: After tick(delta): client._paused = false, client_id = <RefCounted#-9223371995633154551>
HOST: Fresh client _paused = false, fresh_client_id = <RefCounted#-9223371995633154551>
HOST: RendezvousClient paused = false, udp = true, elapsed_sec = 2.920, client_state = 2
HOST: HolePunch state = 0, is_active = false
HOST: Wait loop iteration, go_file exists = false
HOST: _process_p2p called, delta=0.010000
HOST: Before poll_rendezvous: hole_punch state=0, is_active=false
HOST: Manual poll_rendezvous: hp.is_active() = false
HOST: Calling set_paused(false)
HOST: After manual poll_rendezvous: client._paused = false
HOST: After tick(delta): client._paused = false, client_id = <RefCounted#-9223371995633154551>
HOST: Fresh client _paused = false, fresh_client_id = <RefCounted#-9223371995633154551>
HOST: RendezvousClient paused = false, udp = true, elapsed_sec = 2.930, client_state = 2
HOST: HolePunch state = 0, is_active = false
HOST: Wait loop iteration, go_file exists = false
HOST: _process_p2p called, delta=0.010000
HOST: Before poll_rendezvous: hole_punch state=0, is_active=false
HOST: Manual poll_rendezvous: hp.is_active() = false
HOST: Calling set_paused(false)
HOST: After manual poll_rendezvous: client._paused = false
HOST: After tick(delta): client._paused = false, client_id = <RefCounted#-9223371995633154551>
HOST: Fresh client _paused = false, fresh_client_id = <RefCounted#-9223371995633154551>
HOST: RendezvousClient paused = false, udp = true, elapsed_sec = 2.940, client_state = 2
HOST: HolePunch state = 0, is_active = false
HOST: Wait loop iteration, go_file exists = false
HOST: _process_p2p called, delta=0.010000
HOST: Before poll_rendezvous: hole_punch state=0, is_active=false
HOST: Manual poll_rendezvous: hp.is_active() = false
HOST: Calling set_paused(false)
HOST: After manual poll_rendezvous: client._paused = false
HOST: After tick(delta): client._paused = false, client_id = <RefCounted#-9223371995633154551>
HOST: Fresh client _paused = false, fresh_client_id = <RefCounted#-9223371995633154551>
HOST: RendezvousClient paused = false, udp = true, elapsed_sec = 2.950, client_state = 2
HOST: HolePunch state = 0, is_active = false
HOST: Wait loop iteration, go_file exists = false
HOST: _process_p2p called, delta=0.010000
HOST: Before poll_rendezvous: hole_punch state=0, is_active=false
HOST: Manual poll_rendezvous: hp.is_active() = false
HOST: Calling set_paused(false)
HOST: After manual poll_rendezvous: client._paused = false
HOST: After tick(delta): client._paused = false, client_id = <RefCounted#-9223371995633154551>
HOST: Fresh client _paused = false, fresh_client_id = <RefCounted#-9223371995633154551>
HOST: RendezvousClient paused = false, udp = true, elapsed_sec = 2.960, client_state = 2
HOST: HolePunch state = 0, is_active = false
HOST: Wait loop iteration, go_file exists = false
HOST: _process_p2p called, delta=0.010000
HOST: Before poll_rendezvous: hole_punch state=0, is_active=false
HOST: Manual poll_rendezvous: hp.is_active() = false
HOST: Calling set_paused(false)
HOST: After manual poll_rendezvous: client._paused = false
HOST: After tick(delta): client._paused = false, client_id = <RefCounted#-9223371995633154551>
HOST: Fresh client _paused = false, fresh_client_id = <RefCounted#-9223371995633154551>
HOST: RendezvousClient paused = false, udp = true, elapsed_sec = 2.970, client_state = 2
HOST: HolePunch state = 0, is_active = false
HOST: Wait loop iteration, go_file exists = false
HOST: _process_p2p called, delta=0.010000
HOST: Before poll_rendezvous: hole_punch state=0, is_active=false
HOST: Manual poll_rendezvous: hp.is_active() = false
HOST: Calling set_paused(false)
HOST: After manual poll_rendezvous: client._paused = false
HOST: After tick(delta): client._paused = false, client_id = <RefCounted#-9223371995633154551>
HOST: Fresh client _paused = false, fresh_client_id = <RefCounted#-9223371995633154551>
HOST: RendezvousClient paused = false, udp = true, elapsed_sec = 2.980, client_state = 2
HOST: HolePunch state = 0, is_active = false
HOST: Wait loop iteration, go_file exists = false
HOST: _process_p2p called, delta=0.010000
HOST: Before poll_rendezvous: hole_punch state=0, is_active=false
HOST: Manual poll_rendezvous: hp.is_active() = false
HOST: Calling set_paused(false)
HOST: After manual poll_rendezvous: client._paused = false
HOST: After tick(delta): client._paused = false, client_id = <RefCounted#-9223371995633154551>
HOST: Fresh client _paused = false, fresh_client_id = <RefCounted#-9223371995633154551>
HOST: RendezvousClient paused = false, udp = true, elapsed_sec = 2.990, client_state = 2
HOST: HolePunch state = 0, is_active = false
HOST: Wait loop iteration, go_file exists = false
HOST: _process_p2p called, delta=0.010000
HOST: Before poll_rendezvous: hole_punch state=0, is_active=false
HOST: Manual poll_rendezvous: hp.is_active() = false
HOST: Calling set_paused(false)
HOST: After manual poll_rendezvous: client._paused = false
HOST: After tick(delta): client._paused = false, client_id = <RefCounted#-9223371995633154551>
HOST: Fresh client _paused = false, fresh_client_id = <RefCounted#-9223371995633154551>
HOST: RendezvousClient paused = false, udp = true, elapsed_sec = 3.000, client_state = 2
HOST: HolePunch state = 0, is_active = false
HOST: Wait loop iteration, go_file exists = false
HOST: _process_p2p called, delta=0.010000
HOST: Before poll_rendezvous: hole_punch state=0, is_active=false
HOST: Manual poll_rendezvous: hp.is_active() = false
HOST: Calling set_paused(false)
HOST: After manual poll_rendezvous: client._paused = false
HOST: After tick(delta): client._paused = false, client_id = <RefCounted#-9223371995633154551>
HOST: Fresh client _paused = false, fresh_client_id = <RefCounted#-9223371995633154551>
HOST: RendezvousClient paused = false, udp = true, elapsed_sec = 3.010, client_state = 2
HOST: HolePunch state = 0, is_active = false
HOST: Wait loop iteration, go_file exists = false
HOST: _process_p2p called, delta=0.010000
HOST: Before poll_rendezvous: hole_punch state=0, is_active=false
HOST: Manual poll_rendezvous: hp.is_active() = false
HOST: Calling set_paused(false)
HOST: After manual poll_rendezvous: client._paused = false
HOST: After tick(delta): client._paused = false, client_id = <RefCounted#-9223371995633154551>
HOST: Fresh client _paused = false, fresh_client_id = <RefCounted#-9223371995633154551>
HOST: RendezvousClient paused = false, udp = true, elapsed_sec = 3.020, client_state = 2
HOST: HolePunch state = 0, is_active = false
HOST: Wait loop iteration, go_file exists = false
HOST: _process_p2p called, delta=0.010000
HOST: Before poll_rendezvous: hole_punch state=0, is_active=false
HOST: Manual poll_rendezvous: hp.is_active() = false
HOST: Calling set_paused(false)
HOST: After manual poll_rendezvous: client._paused = false
HOST: After tick(delta): client._paused = false, client_id = <RefCounted#-9223371995633154551>
HOST: Fresh client _paused = false, fresh_client_id = <RefCounted#-9223371995633154551>
HOST: RendezvousClient paused = false, udp = true, elapsed_sec = 3.030, client_state = 2
HOST: HolePunch state = 0, is_active = false
HOST: Wait loop iteration, go_file exists = false
HOST: _process_p2p called, delta=0.010000
HOST: Before poll_rendezvous: hole_punch state=0, is_active=false
HOST: Manual poll_rendezvous: hp.is_active() = false
HOST: Calling set_paused(false)
HOST: After manual poll_rendezvous: client._paused = false
HOST: After tick(delta): client._paused = false, client_id = <RefCounted#-9223371995633154551>
HOST: Fresh client _paused = false, fresh_client_id = <RefCounted#-9223371995633154551>
HOST: RendezvousClient paused = false, udp = true, elapsed_sec = 3.040, client_state = 2
HOST: HolePunch state = 0, is_active = false
HOST: Wait loop iteration, go_file exists = false
HOST: _process_p2p called, delta=0.010000
HOST: Before poll_rendezvous: hole_punch state=0, is_active=false
HOST: Manual poll_rendezvous: hp.is_active() = false
HOST: Calling set_paused(false)
HOST: After manual poll_rendezvous: client._paused = false
HOST: After tick(delta): client._paused = false, client_id = <RefCounted#-9223371995633154551>
HOST: Fresh client _paused = false, fresh_client_id = <RefCounted#-9223371995633154551>
HOST: RendezvousClient paused = false, udp = true, elapsed_sec = 3.050, client_state = 2
HOST: HolePunch state = 0, is_active = false
HOST: Wait loop iteration, go_file exists = false
HOST: _process_p2p called, delta=0.010000
HOST: Before poll_rendezvous: hole_punch state=0, is_active=false
HOST: Manual poll_rendezvous: hp.is_active() = false
HOST: Calling set_paused(false)
HOST: After manual poll_rendezvous: client._paused = false
HOST: After tick(delta): client._paused = false, client_id = <RefCounted#-9223371995633154551>
HOST: Fresh client _paused = false, fresh_client_id = <RefCounted#-9223371995633154551>
HOST: RendezvousClient paused = false, udp = true, elapsed_sec = 3.060, client_state = 2
HOST: HolePunch state = 0, is_active = false
HOST: Wait loop iteration, go_file exists = false
HOST: _process_p2p called, delta=0.010000
HOST: Before poll_rendezvous: hole_punch state=0, is_active=false
HOST: Manual poll_rendezvous: hp.is_active() = false
HOST: Calling set_paused(false)
HOST: After manual poll_rendezvous: client._paused = false
HOST: After tick(delta): client._paused = false, client_id = <RefCounted#-9223371995633154551>
HOST: Fresh client _paused = false, fresh_client_id = <RefCounted#-9223371995633154551>
HOST: RendezvousClient paused = false, udp = true, elapsed_sec = 3.070, client_state = 2
HOST: HolePunch state = 0, is_active = false
HOST: Wait loop iteration, go_file exists = false
HOST: _process_p2p called, delta=0.010000
HOST: Before poll_rendezvous: hole_punch state=0, is_active=false
HOST: Manual poll_rendezvous: hp.is_active() = false
HOST: Calling set_paused(false)
HOST: After manual poll_rendezvous: client._paused = false
HOST: After tick(delta): client._paused = false, client_id = <RefCounted#-9223371995633154551>
HOST: Fresh client _paused = false, fresh_client_id = <RefCounted#-9223371995633154551>
HOST: RendezvousClient paused = false, udp = true, elapsed_sec = 3.080, client_state = 2
HOST: HolePunch state = 0, is_active = false
HOST: Wait loop iteration, go_file exists = false
HOST: _process_p2p called, delta=0.010000
HOST: Before poll_rendezvous: hole_punch state=0, is_active=false
HOST: Manual poll_rendezvous: hp.is_active() = false
HOST: Calling set_paused(false)
HOST: After manual poll_rendezvous: client._paused = false
HOST: After tick(delta): client._paused = false, client_id = <RefCounted#-9223371995633154551>
HOST: Fresh client _paused = false, fresh_client_id = <RefCounted#-9223371995633154551>
HOST: RendezvousClient paused = false, udp = true, elapsed_sec = 3.090, client_state = 2
HOST: HolePunch state = 0, is_active = false
HOST: Wait loop iteration, go_file exists = false
HOST: _process_p2p called, delta=0.010000
HOST: Before poll_rendezvous: hole_punch state=0, is_active=false
HOST: Manual poll_rendezvous: hp.is_active() = false
HOST: Calling set_paused(false)
HOST: After manual poll_rendezvous: client._paused = false
HOST: After tick(delta): client._paused = false, client_id = <RefCounted#-9223371995633154551>
HOST: Fresh client _paused = false, fresh_client_id = <RefCounted#-9223371995633154551>
HOST: RendezvousClient paused = false, udp = true, elapsed_sec = 3.100, client_state = 2
HOST: HolePunch state = 0, is_active = false
HOST: Wait loop iteration, go_file exists = false
HOST: _process_p2p called, delta=0.010000
HOST: Before poll_rendezvous: hole_punch state=0, is_active=false
HOST: Manual poll_rendezvous: hp.is_active() = false
HOST: Calling set_paused(false)
HOST: After manual poll_rendezvous: client._paused = false
HOST: After tick(delta): client._paused = false, client_id = <RefCounted#-9223371995633154551>
HOST: Fresh client _paused = false, fresh_client_id = <RefCounted#-9223371995633154551>
HOST: RendezvousClient paused = false, udp = true, elapsed_sec = 3.110, client_state = 2
HOST: HolePunch state = 0, is_active = false
HOST: Wait loop iteration, go_file exists = false
HOST: _process_p2p called, delta=0.010000
HOST: Before poll_rendezvous: hole_punch state=0, is_active=false
HOST: Manual poll_rendezvous: hp.is_active() = false
HOST: Calling set_paused(false)
HOST: After manual poll_rendezvous: client._paused = false
HOST: After tick(delta): client._paused = false, client_id = <RefCounted#-9223371995633154551>
HOST: Fresh client _paused = false, fresh_client_id = <RefCounted#-9223371995633154551>
HOST: RendezvousClient paused = false, udp = true, elapsed_sec = 3.120, client_state = 2
HOST: HolePunch state = 0, is_active = false
HOST: Wait loop iteration, go_file exists = false
HOST: _process_p2p called, delta=0.010000
HOST: Before poll_rendezvous: hole_punch state=0, is_active=false
HOST: Manual poll_rendezvous: hp.is_active() = false
HOST: Calling set_paused(false)
HOST: After manual poll_rendezvous: client._paused = false
HOST: After tick(delta): client._paused = false, client_id = <RefCounted#-9223371995633154551>
HOST: Fresh client _paused = false, fresh_client_id = <RefCounted#-9223371995633154551>
HOST: RendezvousClient paused = false, udp = true, elapsed_sec = 3.130, client_state = 2
HOST: HolePunch state = 0, is_active = false
HOST: Wait loop iteration, go_file exists = false
HOST: _process_p2p called, delta=0.010000
HOST: Before poll_rendezvous: hole_punch state=0, is_active=false
HOST: Manual poll_rendezvous: hp.is_active() = false
HOST: Calling set_paused(false)
HOST: After manual poll_rendezvous: client._paused = false
HOST: After tick(delta): client._paused = false, client_id = <RefCounted#-9223371995633154551>
HOST: Fresh client _paused = false, fresh_client_id = <RefCounted#-9223371995633154551>
HOST: RendezvousClient paused = false, udp = true, elapsed_sec = 3.140, client_state = 2
HOST: HolePunch state = 0, is_active = false
HOST: Wait loop iteration, go_file exists = false
HOST: _process_p2p called, delta=0.010000
HOST: Before poll_rendezvous: hole_punch state=0, is_active=false
HOST: Manual poll_rendezvous: hp.is_active() = false
HOST: Calling set_paused(false)
HOST: After manual poll_rendezvous: client._paused = false
HOST: After tick(delta): client._paused = false, client_id = <RefCounted#-9223371995633154551>
HOST: Fresh client _paused = false, fresh_client_id = <RefCounted#-9223371995633154551>
HOST: RendezvousClient paused = false, udp = true, elapsed_sec = 3.150, client_state = 2
HOST: HolePunch state = 0, is_active = false
HOST: Wait loop iteration, go_file exists = false
HOST: _process_p2p called, delta=0.010000
HOST: Before poll_rendezvous: hole_punch state=0, is_active=false
HOST: Manual poll_rendezvous: hp.is_active() = false
HOST: Calling set_paused(false)
HOST: After manual poll_rendezvous: client._paused = false
HOST: After tick(delta): client._paused = false, client_id = <RefCounted#-9223371995633154551>
HOST: Fresh client _paused = false, fresh_client_id = <RefCounted#-9223371995633154551>
HOST: RendezvousClient paused = false, udp = true, elapsed_sec = 3.160, client_state = 2
HOST: HolePunch state = 0, is_active = false
HOST: Wait loop iteration, go_file exists = false
HOST: _process_p2p called, delta=0.010000
HOST: Before poll_rendezvous: hole_punch state=0, is_active=false
HOST: Manual poll_rendezvous: hp.is_active() = false
HOST: Calling set_paused(false)
HOST: After manual poll_rendezvous: client._paused = false
HOST: After tick(delta): client._paused = false, client_id = <RefCounted#-9223371995633154551>
HOST: Fresh client _paused = false, fresh_client_id = <RefCounted#-9223371995633154551>
HOST: RendezvousClient paused = false, udp = true, elapsed_sec = 3.170, client_state = 2
HOST: HolePunch state = 0, is_active = false
HOST: Wait loop iteration, go_file exists = false
HOST: _process_p2p called, delta=0.010000
HOST: Before poll_rendezvous: hole_punch state=0, is_active=false
HOST: Manual poll_rendezvous: hp.is_active() = false
HOST: Calling set_paused(false)
HOST: After manual poll_rendezvous: client._paused = false
HOST: After tick(delta): client._paused = false, client_id = <RefCounted#-9223371995633154551>
HOST: Fresh client _paused = false, fresh_client_id = <RefCounted#-9223371995633154551>
HOST: RendezvousClient paused = false, udp = true, elapsed_sec = 3.180, client_state = 2
HOST: HolePunch state = 0, is_active = false
HOST: Wait loop iteration, go_file exists = false
HOST: _process_p2p called, delta=0.010000
HOST: Before poll_rendezvous: hole_punch state=0, is_active=false
HOST: Manual poll_rendezvous: hp.is_active() = false
HOST: Calling set_paused(false)
HOST: After manual poll_rendezvous: client._paused = false
HOST: After tick(delta): client._paused = false, client_id = <RefCounted#-9223371995633154551>
HOST: Fresh client _paused = false, fresh_client_id = <RefCounted#-9223371995633154551>
HOST: RendezvousClient paused = false, udp = true, elapsed_sec = 3.190, client_state = 2
HOST: HolePunch state = 0, is_active = false
HOST: Wait loop iteration, go_file exists = false
HOST: _process_p2p called, delta=0.010000
HOST: Before poll_rendezvous: hole_punch state=0, is_active=false
HOST: Manual poll_rendezvous: hp.is_active() = false
HOST: Calling set_paused(false)
HOST: After manual poll_rendezvous: client._paused = false
HOST: After tick(delta): client._paused = false, client_id = <RefCounted#-9223371995633154551>
HOST: Fresh client _paused = false, fresh_client_id = <RefCounted#-9223371995633154551>
HOST: RendezvousClient paused = false, udp = true, elapsed_sec = 3.200, client_state = 2
HOST: HolePunch state = 0, is_active = false
HOST: Wait loop iteration, go_file exists = false
HOST: _process_p2p called, delta=0.010000
HOST: Before poll_rendezvous: hole_punch state=0, is_active=false
HOST: Manual poll_rendezvous: hp.is_active() = false
HOST: Calling set_paused(false)
HOST: After manual poll_rendezvous: client._paused = false
HOST: After tick(delta): client._paused = false, client_id = <RefCounted#-9223371995633154551>
HOST: Fresh client _paused = false, fresh_client_id = <RefCounted#-9223371995633154551>
HOST: RendezvousClient paused = false, udp = true, elapsed_sec = 3.210, client_state = 2
HOST: HolePunch state = 0, is_active = false
HOST: Wait loop iteration, go_file exists = false
HOST: _process_p2p called, delta=0.010000
HOST: Before poll_rendezvous: hole_punch state=0, is_active=false
HOST: Manual poll_rendezvous: hp.is_active() = false
HOST: Calling set_paused(false)
HOST: After manual poll_rendezvous: client._paused = false
HOST: After tick(delta): client._paused = false, client_id = <RefCounted#-9223371995633154551>
HOST: Fresh client _paused = false, fresh_client_id = <RefCounted#-9223371995633154551>
HOST: RendezvousClient paused = false, udp = true, elapsed_sec = 3.220, client_state = 2
HOST: HolePunch state = 0, is_active = false
HOST: Wait loop iteration, go_file exists = false
HOST: _process_p2p called, delta=0.010000
HOST: Before poll_rendezvous: hole_punch state=0, is_active=false
HOST: Manual poll_rendezvous: hp.is_active() = false
HOST: Calling set_paused(false)
HOST: After manual poll_rendezvous: client._paused = false
HOST: After tick(delta): client._paused = false, client_id = <RefCounted#-9223371995633154551>
HOST: Fresh client _paused = false, fresh_client_id = <RefCounted#-9223371995633154551>
HOST: RendezvousClient paused = false, udp = true, elapsed_sec = 3.230, client_state = 2
HOST: HolePunch state = 0, is_active = false
HOST: Wait loop iteration, go_file exists = false
HOST: _process_p2p called, delta=0.010000
HOST: Before poll_rendezvous: hole_punch state=0, is_active=false
HOST: Manual poll_rendezvous: hp.is_active() = false
HOST: Calling set_paused(false)
HOST: After manual poll_rendezvous: client._paused = false
HOST: After tick(delta): client._paused = false, client_id = <RefCounted#-9223371995633154551>
HOST: Fresh client _paused = false, fresh_client_id = <RefCounted#-9223371995633154551>
HOST: RendezvousClient paused = false, udp = true, elapsed_sec = 3.240, client_state = 2
HOST: HolePunch state = 0, is_active = false
HOST: Wait loop iteration, go_file exists = false
HOST: _process_p2p called, delta=0.010000
HOST: Before poll_rendezvous: hole_punch state=0, is_active=false
HOST: Manual poll_rendezvous: hp.is_active() = false
HOST: Calling set_paused(false)
HOST: After manual poll_rendezvous: client._paused = false
HOST: After tick(delta): client._paused = false, client_id = <RefCounted#-9223371995633154551>
HOST: Fresh client _paused = false, fresh_client_id = <RefCounted#-9223371995633154551>
HOST: RendezvousClient paused = false, udp = true, elapsed_sec = 3.250, client_state = 2
HOST: HolePunch state = 0, is_active = false
HOST: Wait loop iteration, go_file exists = false
HOST: _process_p2p called, delta=0.010000
HOST: Before poll_rendezvous: hole_punch state=0, is_active=false
HOST: Manual poll_rendezvous: hp.is_active() = false
HOST: Calling set_paused(false)
HOST: After manual poll_rendezvous: client._paused = false
HOST: After tick(delta): client._paused = false, client_id = <RefCounted#-9223371995633154551>
HOST: Fresh client _paused = false, fresh_client_id = <RefCounted#-9223371995633154551>
HOST: RendezvousClient paused = false, udp = true, elapsed_sec = 3.260, client_state = 2
HOST: HolePunch state = 0, is_active = false
HOST: Wait loop iteration, go_file exists = false
HOST: _process_p2p called, delta=0.010000
HOST: Before poll_rendezvous: hole_punch state=0, is_active=false
HOST: Manual poll_rendezvous: hp.is_active() = false
HOST: Calling set_paused(false)
HOST: After manual poll_rendezvous: client._paused = false
HOST: After tick(delta): client._paused = false, client_id = <RefCounted#-9223371995633154551>
HOST: Fresh client _paused = false, fresh_client_id = <RefCounted#-9223371995633154551>
HOST: RendezvousClient paused = false, udp = true, elapsed_sec = 3.270, client_state = 2
HOST: HolePunch state = 0, is_active = false
HOST: Wait loop iteration, go_file exists = false
HOST: _process_p2p called, delta=0.010000
HOST: Before poll_rendezvous: hole_punch state=0, is_active=false
HOST: Manual poll_rendezvous: hp.is_active() = false
HOST: Calling set_paused(false)
HOST: After manual poll_rendezvous: client._paused = false
HOST: After tick(delta): client._paused = false, client_id = <RefCounted#-9223371995633154551>
HOST: Fresh client _paused = false, fresh_client_id = <RefCounted#-9223371995633154551>
HOST: RendezvousClient paused = false, udp = true, elapsed_sec = 3.280, client_state = 2
HOST: HolePunch state = 0, is_active = false
HOST: Wait loop iteration, go_file exists = false
HOST: _process_p2p called, delta=0.010000
HOST: Before poll_rendezvous: hole_punch state=0, is_active=false
HOST: Manual poll_rendezvous: hp.is_active() = false
HOST: Calling set_paused(false)
HOST: After manual poll_rendezvous: client._paused = false
HOST: After tick(delta): client._paused = false, client_id = <RefCounted#-9223371995633154551>
HOST: Fresh client _paused = false, fresh_client_id = <RefCounted#-9223371995633154551>
HOST: RendezvousClient paused = false, udp = true, elapsed_sec = 3.290, client_state = 2
HOST: HolePunch state = 0, is_active = false
HOST: Wait loop iteration, go_file exists = false
HOST: _process_p2p called, delta=0.010000
HOST: Before poll_rendezvous: hole_punch state=0, is_active=false
HOST: Manual poll_rendezvous: hp.is_active() = false
HOST: Calling set_paused(false)
HOST: After manual poll_rendezvous: client._paused = false
HOST: After tick(delta): client._paused = false, client_id = <RefCounted#-9223371995633154551>
HOST: Fresh client _paused = false, fresh_client_id = <RefCounted#-9223371995633154551>
HOST: RendezvousClient paused = false, udp = true, elapsed_sec = 3.300, client_state = 2
HOST: HolePunch state = 0, is_active = false
HOST: Wait loop iteration, go_file exists = false
HOST: _process_p2p called, delta=0.010000
HOST: Before poll_rendezvous: hole_punch state=0, is_active=false
HOST: Manual poll_rendezvous: hp.is_active() = false
HOST: Calling set_paused(false)
HOST: After manual poll_rendezvous: client._paused = false
HOST: After tick(delta): client._paused = false, client_id = <RefCounted#-9223371995633154551>
HOST: Fresh client _paused = false, fresh_client_id = <RefCounted#-9223371995633154551>
HOST: RendezvousClient paused = false, udp = true, elapsed_sec = 3.310, client_state = 2
HOST: HolePunch state = 0, is_active = false
HOST: Wait loop iteration, go_file exists = false
HOST: _process_p2p called, delta=0.010000
HOST: Before poll_rendezvous: hole_punch state=0, is_active=false
HOST: Manual poll_rendezvous: hp.is_active() = false
HOST: Calling set_paused(false)
HOST: After manual poll_rendezvous: client._paused = false
HOST: After tick(delta): client._paused = false, client_id = <RefCounted#-9223371995633154551>
HOST: Fresh client _paused = false, fresh_client_id = <RefCounted#-9223371995633154551>
HOST: RendezvousClient paused = false, udp = true, elapsed_sec = 3.320, client_state = 2
HOST: HolePunch state = 0, is_active = false
HOST: Wait loop iteration, go_file exists = false
HOST: _process_p2p called, delta=0.010000
HOST: Before poll_rendezvous: hole_punch state=0, is_active=false
HOST: Manual poll_rendezvous: hp.is_active() = false
HOST: Calling set_paused(false)
HOST: After manual poll_rendezvous: client._paused = false
HOST: After tick(delta): client._paused = false, client_id = <RefCounted#-9223371995633154551>
HOST: Fresh client _paused = false, fresh_client_id = <RefCounted#-9223371995633154551>
HOST: RendezvousClient paused = false, udp = true, elapsed_sec = 3.330, client_state = 2
HOST: HolePunch state = 0, is_active = false
HOST: Wait loop iteration, go_file exists = false
HOST: _process_p2p called, delta=0.010000
HOST: Before poll_rendezvous: hole_punch state=0, is_active=false
HOST: Manual poll_rendezvous: hp.is_active() = false
HOST: Calling set_paused(false)
HOST: After manual poll_rendezvous: client._paused = false
HOST: After tick(delta): client._paused = false, client_id = <RefCounted#-9223371995633154551>
HOST: Fresh client _paused = false, fresh_client_id = <RefCounted#-9223371995633154551>
HOST: RendezvousClient paused = false, udp = true, elapsed_sec = 3.340, client_state = 2
HOST: HolePunch state = 0, is_active = false
HOST: Wait loop iteration, go_file exists = false
HOST: _process_p2p called, delta=0.010000
HOST: Before poll_rendezvous: hole_punch state=0, is_active=false
HOST: Manual poll_rendezvous: hp.is_active() = false
HOST: Calling set_paused(false)
HOST: After manual poll_rendezvous: client._paused = false
HOST: After tick(delta): client._paused = false, client_id = <RefCounted#-9223371995633154551>
HOST: Fresh client _paused = false, fresh_client_id = <RefCounted#-9223371995633154551>
HOST: RendezvousClient paused = false, udp = true, elapsed_sec = 3.350, client_state = 2
HOST: HolePunch state = 0, is_active = false
HOST: Wait loop iteration, go_file exists = false
HOST: _process_p2p called, delta=0.010000
HOST: Before poll_rendezvous: hole_punch state=0, is_active=false
HOST: Manual poll_rendezvous: hp.is_active() = false
HOST: Calling set_paused(false)
HOST: After manual poll_rendezvous: client._paused = false
HOST: After tick(delta): client._paused = false, client_id = <RefCounted#-9223371995633154551>
HOST: Fresh client _paused = false, fresh_client_id = <RefCounted#-9223371995633154551>
HOST: RendezvousClient paused = false, udp = true, elapsed_sec = 3.360, client_state = 2
HOST: HolePunch state = 0, is_active = false
HOST: Wait loop iteration, go_file exists = false
HOST: _process_p2p called, delta=0.010000
HOST: Before poll_rendezvous: hole_punch state=0, is_active=false
HOST: Manual poll_rendezvous: hp.is_active() = false
HOST: Calling set_paused(false)
HOST: After manual poll_rendezvous: client._paused = false
HOST: After tick(delta): client._paused = false, client_id = <RefCounted#-9223371995633154551>
HOST: Fresh client _paused = false, fresh_client_id = <RefCounted#-9223371995633154551>
HOST: RendezvousClient paused = false, udp = true, elapsed_sec = 3.370, client_state = 2
HOST: HolePunch state = 0, is_active = false
HOST: Wait loop iteration, go_file exists = false
HOST: _process_p2p called, delta=0.010000
HOST: Before poll_rendezvous: hole_punch state=0, is_active=false
HOST: Manual poll_rendezvous: hp.is_active() = false
HOST: Calling set_paused(false)
HOST: After manual poll_rendezvous: client._paused = false
HOST: After tick(delta): client._paused = false, client_id = <RefCounted#-9223371995633154551>
HOST: Fresh client _paused = false, fresh_client_id = <RefCounted#-9223371995633154551>
HOST: RendezvousClient paused = false, udp = true, elapsed_sec = 3.380, client_state = 2
HOST: HolePunch state = 0, is_active = false
HOST: Wait loop iteration, go_file exists = false
HOST: _process_p2p called, delta=0.010000
HOST: Before poll_rendezvous: hole_punch state=0, is_active=false
HOST: Manual poll_rendezvous: hp.is_active() = false
HOST: Calling set_paused(false)
HOST: After manual poll_rendezvous: client._paused = false
HOST: After tick(delta): client._paused = false, client_id = <RefCounted#-9223371995633154551>
HOST: Fresh client _paused = false, fresh_client_id = <RefCounted#-9223371995633154551>
HOST: RendezvousClient paused = false, udp = true, elapsed_sec = 3.390, client_state = 2
HOST: HolePunch state = 0, is_active = false
HOST: Wait loop iteration, go_file exists = false
HOST: _process_p2p called, delta=0.010000
HOST: Before poll_rendezvous: hole_punch state=0, is_active=false
HOST: Manual poll_rendezvous: hp.is_active() = false
HOST: Calling set_paused(false)
HOST: After manual poll_rendezvous: client._paused = false
HOST: After tick(delta): client._paused = false, client_id = <RefCounted#-9223371995633154551>
HOST: Fresh client _paused = false, fresh_client_id = <RefCounted#-9223371995633154551>
HOST: RendezvousClient paused = false, udp = true, elapsed_sec = 3.400, client_state = 2
HOST: HolePunch state = 0, is_active = false
HOST: Wait loop iteration, go_file exists = false
HOST: _process_p2p called, delta=0.010000
HOST: Before poll_rendezvous: hole_punch state=0, is_active=false
HOST: Manual poll_rendezvous: hp.is_active() = false
HOST: Calling set_paused(false)
HOST: After manual poll_rendezvous: client._paused = false
HOST: After tick(delta): client._paused = false, client_id = <RefCounted#-9223371995633154551>
HOST: Fresh client _paused = false, fresh_client_id = <RefCounted#-9223371995633154551>
HOST: RendezvousClient paused = false, udp = true, elapsed_sec = 3.410, client_state = 2
HOST: HolePunch state = 0, is_active = false
HOST: Wait loop iteration, go_file exists = false
HOST: _process_p2p called, delta=0.010000
HOST: Before poll_rendezvous: hole_punch state=0, is_active=false
HOST: Manual poll_rendezvous: hp.is_active() = false
HOST: Calling set_paused(false)
HOST: After manual poll_rendezvous: client._paused = false
HOST: After tick(delta): client._paused = false, client_id = <RefCounted#-9223371995633154551>
HOST: Fresh client _paused = false, fresh_client_id = <RefCounted#-9223371995633154551>
HOST: RendezvousClient paused = false, udp = true, elapsed_sec = 3.420, client_state = 2
HOST: HolePunch state = 0, is_active = false
HOST: Wait loop iteration, go_file exists = false
HOST: _process_p2p called, delta=0.010000
HOST: Before poll_rendezvous: hole_punch state=0, is_active=false
HOST: Manual poll_rendezvous: hp.is_active() = false
HOST: Calling set_paused(false)
HOST: After manual poll_rendezvous: client._paused = false
HOST: After tick(delta): client._paused = false, client_id = <RefCounted#-9223371995633154551>
HOST: Fresh client _paused = false, fresh_client_id = <RefCounted#-9223371995633154551>
HOST: RendezvousClient paused = false, udp = true, elapsed_sec = 3.430, client_state = 2
HOST: HolePunch state = 0, is_active = false
HOST: Wait loop iteration, go_file exists = false
HOST: _process_p2p called, delta=0.010000
HOST: Before poll_rendezvous: hole_punch state=0, is_active=false
HOST: Manual poll_rendezvous: hp.is_active() = false
HOST: Calling set_paused(false)
HOST: After manual poll_rendezvous: client._paused = false
HOST: After tick(delta): client._paused = false, client_id = <RefCounted#-9223371995633154551>
HOST: Fresh client _paused = false, fresh_client_id = <RefCounted#-9223371995633154551>
HOST: RendezvousClient paused = false, udp = true, elapsed_sec = 3.440, client_state = 2
HOST: HolePunch state = 0, is_active = false
HOST: Wait loop iteration, go_file exists = false
HOST: _process_p2p called, delta=0.010000
HOST: Before poll_rendezvous: hole_punch state=0, is_active=false
HOST: Manual poll_rendezvous: hp.is_active() = false
HOST: Calling set_paused(false)
HOST: After manual poll_rendezvous: client._paused = false
HOST: After tick(delta): client._paused = false, client_id = <RefCounted#-9223371995633154551>
HOST: Fresh client _paused = false, fresh_client_id = <RefCounted#-9223371995633154551>
HOST: RendezvousClient paused = false, udp = true, elapsed_sec = 3.450, client_state = 2
HOST: HolePunch state = 0, is_active = false
HOST: Wait loop iteration, go_file exists = false
HOST: _process_p2p called, delta=0.010000
HOST: Before poll_rendezvous: hole_punch state=0, is_active=false
HOST: Manual poll_rendezvous: hp.is_active() = false
HOST: Calling set_paused(false)
HOST: After manual poll_rendezvous: client._paused = false
HOST: After tick(delta): client._paused = false, client_id = <RefCounted#-9223371995633154551>
HOST: Fresh client _paused = false, fresh_client_id = <RefCounted#-9223371995633154551>
HOST: RendezvousClient paused = false, udp = true, elapsed_sec = 3.460, client_state = 2
HOST: HolePunch state = 0, is_active = false
HOST: Wait loop iteration, go_file exists = false
HOST: _process_p2p called, delta=0.010000
HOST: Before poll_rendezvous: hole_punch state=0, is_active=false
HOST: Manual poll_rendezvous: hp.is_active() = false
HOST: Calling set_paused(false)
HOST: After manual poll_rendezvous: client._paused = false
HOST: After tick(delta): client._paused = false, client_id = <RefCounted#-9223371995633154551>
HOST: Fresh client _paused = false, fresh_client_id = <RefCounted#-9223371995633154551>
HOST: RendezvousClient paused = false, udp = true, elapsed_sec = 3.470, client_state = 2
HOST: HolePunch state = 0, is_active = false
HOST: Wait loop iteration, go_file exists = false
HOST: _process_p2p called, delta=0.010000
HOST: Before poll_rendezvous: hole_punch state=0, is_active=false
HOST: Manual poll_rendezvous: hp.is_active() = false
HOST: Calling set_paused(false)
HOST: After manual poll_rendezvous: client._paused = false
HOST: After tick(delta): client._paused = false, client_id = <RefCounted#-9223371995633154551>
HOST: Fresh client _paused = false, fresh_client_id = <RefCounted#-9223371995633154551>
HOST: RendezvousClient paused = false, udp = true, elapsed_sec = 3.480, client_state = 2
HOST: HolePunch state = 0, is_active = false
HOST: Wait loop iteration, go_file exists = false
HOST: _process_p2p called, delta=0.010000
HOST: Before poll_rendezvous: hole_punch state=0, is_active=false
HOST: Manual poll_rendezvous: hp.is_active() = false
HOST: Calling set_paused(false)
HOST: After manual poll_rendezvous: client._paused = false
HOST: After tick(delta): client._paused = false, client_id = <RefCounted#-9223371995633154551>
HOST: Fresh client _paused = false, fresh_client_id = <RefCounted#-9223371995633154551>
HOST: RendezvousClient paused = false, udp = true, elapsed_sec = 3.490, client_state = 2
HOST: HolePunch state = 0, is_active = false
HOST: Wait loop iteration, go_file exists = false
HOST: _process_p2p called, delta=0.010000
HOST: Before poll_rendezvous: hole_punch state=0, is_active=false
HOST: Manual poll_rendezvous: hp.is_active() = false
HOST: Calling set_paused(false)
HOST: After manual poll_rendezvous: client._paused = false
HOST: After tick(delta): client._paused = false, client_id = <RefCounted#-9223371995633154551>
HOST: Fresh client _paused = false, fresh_client_id = <RefCounted#-9223371995633154551>
HOST: RendezvousClient paused = false, udp = true, elapsed_sec = 3.500, client_state = 2
HOST: HolePunch state = 0, is_active = false
HOST: Wait loop iteration, go_file exists = false
HOST: _process_p2p called, delta=0.010000
HOST: Before poll_rendezvous: hole_punch state=0, is_active=false
HOST: Manual poll_rendezvous: hp.is_active() = false
HOST: Calling set_paused(false)
HOST: After manual poll_rendezvous: client._paused = false
HOST: After tick(delta): client._paused = false, client_id = <RefCounted#-9223371995633154551>
HOST: Fresh client _paused = false, fresh_client_id = <RefCounted#-9223371995633154551>
HOST: RendezvousClient paused = false, udp = true, elapsed_sec = 3.510, client_state = 2
HOST: HolePunch state = 0, is_active = false
HOST: Wait loop iteration, go_file exists = false
HOST: _process_p2p called, delta=0.010000
HOST: Before poll_rendezvous: hole_punch state=0, is_active=false
HOST: Manual poll_rendezvous: hp.is_active() = false
HOST: Calling set_paused(false)
HOST: After manual poll_rendezvous: client._paused = false
HOST: After tick(delta): client._paused = false, client_id = <RefCounted#-9223371995633154551>
HOST: Fresh client _paused = false, fresh_client_id = <RefCounted#-9223371995633154551>
HOST: RendezvousClient paused = false, udp = true, elapsed_sec = 3.520, client_state = 2
HOST: HolePunch state = 0, is_active = false
HOST: Wait loop iteration, go_file exists = false
HOST: _process_p2p called, delta=0.010000
HOST: Before poll_rendezvous: hole_punch state=0, is_active=false
HOST: Manual poll_rendezvous: hp.is_active() = false
HOST: Calling set_paused(false)
HOST: After manual poll_rendezvous: client._paused = false
HOST: After tick(delta): client._paused = false, client_id = <RefCounted#-9223371995633154551>
HOST: Fresh client _paused = false, fresh_client_id = <RefCounted#-9223371995633154551>
HOST: RendezvousClient paused = false, udp = true, elapsed_sec = 3.530, client_state = 2
HOST: HolePunch state = 0, is_active = false
HOST: Wait loop iteration, go_file exists = false
HOST: _process_p2p called, delta=0.010000
HOST: Before poll_rendezvous: hole_punch state=0, is_active=false
HOST: Manual poll_rendezvous: hp.is_active() = false
HOST: Calling set_paused(false)
HOST: After manual poll_rendezvous: client._paused = false
HOST: After tick(delta): client._paused = false, client_id = <RefCounted#-9223371995633154551>
HOST: Fresh client _paused = false, fresh_client_id = <RefCounted#-9223371995633154551>
HOST: RendezvousClient paused = false, udp = true, elapsed_sec = 3.540, client_state = 2
HOST: HolePunch state = 0, is_active = false
HOST: Wait loop iteration, go_file exists = false
HOST: _process_p2p called, delta=0.010000
HOST: Before poll_rendezvous: hole_punch state=0, is_active=false
HOST: Manual poll_rendezvous: hp.is_active() = false
HOST: Calling set_paused(false)
HOST: After manual poll_rendezvous: client._paused = false
HOST: After tick(delta): client._paused = false, client_id = <RefCounted#-9223371995633154551>
HOST: Fresh client _paused = false, fresh_client_id = <RefCounted#-9223371995633154551>
HOST: RendezvousClient paused = false, udp = true, elapsed_sec = 3.550, client_state = 2
HOST: HolePunch state = 0, is_active = false
HOST: Wait loop iteration, go_file exists = false
HOST: _process_p2p called, delta=0.010000
HOST: Before poll_rendezvous: hole_punch state=0, is_active=false
HOST: Manual poll_rendezvous: hp.is_active() = false
HOST: Calling set_paused(false)
HOST: After manual poll_rendezvous: client._paused = false
HOST: After tick(delta): client._paused = false, client_id = <RefCounted#-9223371995633154551>
HOST: Fresh client _paused = false, fresh_client_id = <RefCounted#-9223371995633154551>
HOST: RendezvousClient paused = false, udp = true, elapsed_sec = 3.560, client_state = 2
HOST: HolePunch state = 0, is_active = false
HOST: Wait loop iteration, go_file exists = false
HOST: _process_p2p called, delta=0.010000
HOST: Before poll_rendezvous: hole_punch state=0, is_active=false
HOST: Manual poll_rendezvous: hp.is_active() = false
HOST: Calling set_paused(false)
HOST: After manual poll_rendezvous: client._paused = false
HOST: After tick(delta): client._paused = false, client_id = <RefCounted#-9223371995633154551>
HOST: Fresh client _paused = false, fresh_client_id = <RefCounted#-9223371995633154551>
HOST: RendezvousClient paused = false, udp = true, elapsed_sec = 3.570, client_state = 2
HOST: HolePunch state = 0, is_active = false
HOST: Wait loop iteration, go_file exists = false
HOST: _process_p2p called, delta=0.010000
HOST: Before poll_rendezvous: hole_punch state=0, is_active=false
HOST: Manual poll_rendezvous: hp.is_active() = false
HOST: Calling set_paused(false)
HOST: After manual poll_rendezvous: client._paused = false
HOST: After tick(delta): client._paused = false, client_id = <RefCounted#-9223371995633154551>
HOST: Fresh client _paused = false, fresh_client_id = <RefCounted#-9223371995633154551>
HOST: RendezvousClient paused = false, udp = true, elapsed_sec = 3.580, client_state = 2
HOST: HolePunch state = 0, is_active = false
HOST: Wait loop iteration, go_file exists = false
HOST: _process_p2p called, delta=0.010000
HOST: Before poll_rendezvous: hole_punch state=0, is_active=false
HOST: Manual poll_rendezvous: hp.is_active() = false
HOST: Calling set_paused(false)
HOST: After manual poll_rendezvous: client._paused = false
HOST: After tick(delta): client._paused = false, client_id = <RefCounted#-9223371995633154551>
HOST: Fresh client _paused = false, fresh_client_id = <RefCounted#-9223371995633154551>
HOST: RendezvousClient paused = false, udp = true, elapsed_sec = 3.590, client_state = 2
HOST: HolePunch state = 0, is_active = false
HOST: Wait loop iteration, go_file exists = false
HOST: _process_p2p called, delta=0.010000
HOST: Before poll_rendezvous: hole_punch state=0, is_active=false
HOST: Manual poll_rendezvous: hp.is_active() = false
HOST: Calling set_paused(false)
HOST: After manual poll_rendezvous: client._paused = false
HOST: After tick(delta): client._paused = false, client_id = <RefCounted#-9223371995633154551>
HOST: Fresh client _paused = false, fresh_client_id = <RefCounted#-9223371995633154551>
HOST: RendezvousClient paused = false, udp = true, elapsed_sec = 3.600, client_state = 2
HOST: HolePunch state = 0, is_active = false
HOST: Wait loop iteration, go_file exists = false
HOST: _process_p2p called, delta=0.010000
HOST: Before poll_rendezvous: hole_punch state=0, is_active=false
HOST: Manual poll_rendezvous: hp.is_active() = false
HOST: Calling set_paused(false)
HOST: After manual poll_rendezvous: client._paused = false
HOST: After tick(delta): client._paused = false, client_id = <RefCounted#-9223371995633154551>
HOST: Fresh client _paused = false, fresh_client_id = <RefCounted#-9223371995633154551>
HOST: RendezvousClient paused = false, udp = true, elapsed_sec = 3.610, client_state = 2
HOST: HolePunch state = 0, is_active = false
HOST: Wait loop iteration, go_file exists = false
HOST: _process_p2p called, delta=0.010000
HOST: Before poll_rendezvous: hole_punch state=0, is_active=false
HOST: Manual poll_rendezvous: hp.is_active() = false
HOST: Calling set_paused(false)
HOST: After manual poll_rendezvous: client._paused = false
HOST: After tick(delta): client._paused = false, client_id = <RefCounted#-9223371995633154551>
HOST: Fresh client _paused = false, fresh_client_id = <RefCounted#-9223371995633154551>
HOST: RendezvousClient paused = false, udp = true, elapsed_sec = 3.620, client_state = 2
HOST: HolePunch state = 0, is_active = false
HOST: Wait loop iteration, go_file exists = false
HOST: _process_p2p called, delta=0.010000
HOST: Before poll_rendezvous: hole_punch state=0, is_active=false
HOST: Manual poll_rendezvous: hp.is_active() = false
HOST: Calling set_paused(false)
HOST: After manual poll_rendezvous: client._paused = false
HOST: After tick(delta): client._paused = false, client_id = <RefCounted#-9223371995633154551>
HOST: Fresh client _paused = false, fresh_client_id = <RefCounted#-9223371995633154551>
HOST: RendezvousClient paused = false, udp = true, elapsed_sec = 3.630, client_state = 2
HOST: HolePunch state = 0, is_active = false
HOST: Wait loop iteration, go_file exists = false
HOST: _process_p2p called, delta=0.010000
HOST: Before poll_rendezvous: hole_punch state=0, is_active=false
HOST: Manual poll_rendezvous: hp.is_active() = false
HOST: Calling set_paused(false)
HOST: After manual poll_rendezvous: client._paused = false
HOST: After tick(delta): client._paused = false, client_id = <RefCounted#-9223371995633154551>
HOST: Fresh client _paused = false, fresh_client_id = <RefCounted#-9223371995633154551>
HOST: RendezvousClient paused = false, udp = true, elapsed_sec = 3.640, client_state = 2
HOST: HolePunch state = 0, is_active = false
HOST: Wait loop iteration, go_file exists = false
HOST: _process_p2p called, delta=0.010000
HOST: Before poll_rendezvous: hole_punch state=0, is_active=false
HOST: Manual poll_rendezvous: hp.is_active() = false
HOST: Calling set_paused(false)
HOST: After manual poll_rendezvous: client._paused = false
HOST: After tick(delta): client._paused = false, client_id = <RefCounted#-9223371995633154551>
HOST: Fresh client _paused = false, fresh_client_id = <RefCounted#-9223371995633154551>
HOST: RendezvousClient paused = false, udp = true, elapsed_sec = 3.650, client_state = 2
HOST: HolePunch state = 0, is_active = false
HOST: Wait loop iteration, go_file exists = false
HOST: _process_p2p called, delta=0.010000
HOST: Before poll_rendezvous: hole_punch state=0, is_active=false
HOST: Manual poll_rendezvous: hp.is_active() = false
HOST: Calling set_paused(false)
HOST: After manual poll_rendezvous: client._paused = false
HOST: After tick(delta): client._paused = false, client_id = <RefCounted#-9223371995633154551>
HOST: Fresh client _paused = false, fresh_client_id = <RefCounted#-9223371995633154551>
HOST: RendezvousClient paused = false, udp = true, elapsed_sec = 3.660, client_state = 2
HOST: HolePunch state = 0, is_active = false
HOST: Wait loop iteration, go_file exists = false
HOST: _process_p2p called, delta=0.010000
HOST: Before poll_rendezvous: hole_punch state=0, is_active=false
HOST: Manual poll_rendezvous: hp.is_active() = false
HOST: Calling set_paused(false)
HOST: After manual poll_rendezvous: client._paused = false
HOST: After tick(delta): client._paused = false, client_id = <RefCounted#-9223371995633154551>
HOST: Fresh client _paused = false, fresh_client_id = <RefCounted#-9223371995633154551>
HOST: RendezvousClient paused = false, udp = true, elapsed_sec = 3.670, client_state = 2
HOST: HolePunch state = 0, is_active = false
HOST: Wait loop iteration, go_file exists = false
HOST: _process_p2p called, delta=0.010000
HOST: Before poll_rendezvous: hole_punch state=0, is_active=false
HOST: Manual poll_rendezvous: hp.is_active() = false
HOST: Calling set_paused(false)
HOST: After manual poll_rendezvous: client._paused = false
HOST: After tick(delta): client._paused = false, client_id = <RefCounted#-9223371995633154551>
HOST: Fresh client _paused = false, fresh_client_id = <RefCounted#-9223371995633154551>
HOST: RendezvousClient paused = false, udp = true, elapsed_sec = 3.680, client_state = 2
HOST: HolePunch state = 0, is_active = false
HOST: Wait loop iteration, go_file exists = false
HOST: _process_p2p called, delta=0.010000
HOST: Before poll_rendezvous: hole_punch state=0, is_active=false
HOST: Manual poll_rendezvous: hp.is_active() = false
HOST: Calling set_paused(false)
HOST: After manual poll_rendezvous: client._paused = false
HOST: After tick(delta): client._paused = false, client_id = <RefCounted#-9223371995633154551>
HOST: Fresh client _paused = false, fresh_client_id = <RefCounted#-9223371995633154551>
HOST: RendezvousClient paused = false, udp = true, elapsed_sec = 3.690, client_state = 2
HOST: HolePunch state = 0, is_active = false
HOST: Wait loop iteration, go_file exists = false
HOST: _process_p2p called, delta=0.010000
HOST: Before poll_rendezvous: hole_punch state=0, is_active=false
HOST: Manual poll_rendezvous: hp.is_active() = false
HOST: Calling set_paused(false)
HOST: After manual poll_rendezvous: client._paused = false
HOST: After tick(delta): client._paused = false, client_id = <RefCounted#-9223371995633154551>
HOST: Fresh client _paused = false, fresh_client_id = <RefCounted#-9223371995633154551>
HOST: RendezvousClient paused = false, udp = true, elapsed_sec = 3.700, client_state = 2
HOST: HolePunch state = 0, is_active = false
HOST: Wait loop iteration, go_file exists = false
HOST: _process_p2p called, delta=0.010000
HOST: Before poll_rendezvous: hole_punch state=0, is_active=false
HOST: Manual poll_rendezvous: hp.is_active() = false
HOST: Calling set_paused(false)
HOST: After manual poll_rendezvous: client._paused = false
HOST: After tick(delta): client._paused = false, client_id = <RefCounted#-9223371995633154551>
HOST: Fresh client _paused = false, fresh_client_id = <RefCounted#-9223371995633154551>
HOST: RendezvousClient paused = false, udp = true, elapsed_sec = 3.710, client_state = 2
HOST: HolePunch state = 0, is_active = false
HOST: Wait loop iteration, go_file exists = false
HOST: _process_p2p called, delta=0.010000
HOST: Before poll_rendezvous: hole_punch state=0, is_active=false
HOST: Manual poll_rendezvous: hp.is_active() = false
HOST: Calling set_paused(false)
HOST: After manual poll_rendezvous: client._paused = false
HOST: After tick(delta): client._paused = false, client_id = <RefCounted#-9223371995633154551>
HOST: Fresh client _paused = false, fresh_client_id = <RefCounted#-9223371995633154551>
HOST: RendezvousClient paused = false, udp = true, elapsed_sec = 3.720, client_state = 2
HOST: HolePunch state = 0, is_active = false
HOST: Wait loop iteration, go_file exists = false
HOST: _process_p2p called, delta=0.010000
HOST: Before poll_rendezvous: hole_punch state=0, is_active=false
HOST: Manual poll_rendezvous: hp.is_active() = false
HOST: Calling set_paused(false)
HOST: After manual poll_rendezvous: client._paused = false
HOST: After tick(delta): client._paused = false, client_id = <RefCounted#-9223371995633154551>
HOST: Fresh client _paused = false, fresh_client_id = <RefCounted#-9223371995633154551>
HOST: RendezvousClient paused = false, udp = true, elapsed_sec = 3.730, client_state = 2
HOST: HolePunch state = 0, is_active = false
HOST: Wait loop iteration, go_file exists = false
HOST: _process_p2p called, delta=0.010000
HOST: Before poll_rendezvous: hole_punch state=0, is_active=false
HOST: Manual poll_rendezvous: hp.is_active() = false
HOST: Calling set_paused(false)
HOST: After manual poll_rendezvous: client._paused = false
HOST: After tick(delta): client._paused = false, client_id = <RefCounted#-9223371995633154551>
HOST: Fresh client _paused = false, fresh_client_id = <RefCounted#-9223371995633154551>
HOST: RendezvousClient paused = false, udp = true, elapsed_sec = 3.740, client_state = 2
HOST: HolePunch state = 0, is_active = false
HOST: Wait loop iteration, go_file exists = false
HOST: _process_p2p called, delta=0.010000
HOST: Before poll_rendezvous: hole_punch state=0, is_active=false
HOST: Manual poll_rendezvous: hp.is_active() = false
HOST: Calling set_paused(false)
HOST: After manual poll_rendezvous: client._paused = false
HOST: After tick(delta): client._paused = false, client_id = <RefCounted#-9223371995633154551>
HOST: Fresh client _paused = false, fresh_client_id = <RefCounted#-9223371995633154551>
HOST: RendezvousClient paused = false, udp = true, elapsed_sec = 3.750, client_state = 2
HOST: HolePunch state = 0, is_active = false
HOST: Wait loop iteration, go_file exists = false
HOST: _process_p2p called, delta=0.010000
HOST: Before poll_rendezvous: hole_punch state=0, is_active=false
HOST: Manual poll_rendezvous: hp.is_active() = false
HOST: Calling set_paused(false)
HOST: After manual poll_rendezvous: client._paused = false
HOST: After tick(delta): client._paused = false, client_id = <RefCounted#-9223371995633154551>
HOST: Fresh client _paused = false, fresh_client_id = <RefCounted#-9223371995633154551>
HOST: RendezvousClient paused = false, udp = true, elapsed_sec = 3.760, client_state = 2
HOST: HolePunch state = 0, is_active = false
HOST: Wait loop iteration, go_file exists = false
HOST: _process_p2p called, delta=0.010000
HOST: Before poll_rendezvous: hole_punch state=0, is_active=false
HOST: Manual poll_rendezvous: hp.is_active() = false
HOST: Calling set_paused(false)
HOST: After manual poll_rendezvous: client._paused = false
HOST: After tick(delta): client._paused = false, client_id = <RefCounted#-9223371995633154551>
HOST: Fresh client _paused = false, fresh_client_id = <RefCounted#-9223371995633154551>
HOST: RendezvousClient paused = false, udp = true, elapsed_sec = 3.770, client_state = 2
HOST: HolePunch state = 0, is_active = false
HOST: Wait loop iteration, go_file exists = false
HOST: _process_p2p called, delta=0.010000
HOST: Before poll_rendezvous: hole_punch state=0, is_active=false
HOST: Manual poll_rendezvous: hp.is_active() = false
HOST: Calling set_paused(false)
HOST: After manual poll_rendezvous: client._paused = false
HOST: After tick(delta): client._paused = false, client_id = <RefCounted#-9223371995633154551>
HOST: Fresh client _paused = false, fresh_client_id = <RefCounted#-9223371995633154551>
HOST: RendezvousClient paused = false, udp = true, elapsed_sec = 3.780, client_state = 2
HOST: HolePunch state = 0, is_active = false
HOST: Wait loop iteration, go_file exists = false
HOST: _process_p2p called, delta=0.010000
HOST: Before poll_rendezvous: hole_punch state=0, is_active=false
HOST: Manual poll_rendezvous: hp.is_active() = false
HOST: Calling set_paused(false)
HOST: After manual poll_rendezvous: client._paused = false
HOST: After tick(delta): client._paused = false, client_id = <RefCounted#-9223371995633154551>
HOST: Fresh client _paused = false, fresh_client_id = <RefCounted#-9223371995633154551>
HOST: RendezvousClient paused = false, udp = true, elapsed_sec = 3.790, client_state = 2
HOST: HolePunch state = 0, is_active = false
HOST: Wait loop iteration, go_file exists = false
HOST: _process_p2p called, delta=0.010000
HOST: Before poll_rendezvous: hole_punch state=0, is_active=false
HOST: Manual poll_rendezvous: hp.is_active() = false
HOST: Calling set_paused(false)
HOST: After manual poll_rendezvous: client._paused = false
HOST: After tick(delta): client._paused = false, client_id = <RefCounted#-9223371995633154551>
HOST: Fresh client _paused = false, fresh_client_id = <RefCounted#-9223371995633154551>
HOST: RendezvousClient paused = false, udp = true, elapsed_sec = 3.800, client_state = 2
HOST: HolePunch state = 0, is_active = false
HOST: Wait loop iteration, go_file exists = false
HOST: _process_p2p called, delta=0.010000
HOST: Before poll_rendezvous: hole_punch state=0, is_active=false
HOST: Manual poll_rendezvous: hp.is_active() = false
HOST: Calling set_paused(false)
HOST: After manual poll_rendezvous: client._paused = false
HOST: After tick(delta): client._paused = false, client_id = <RefCounted#-9223371995633154551>
HOST: Fresh client _paused = false, fresh_client_id = <RefCounted#-9223371995633154551>
HOST: RendezvousClient paused = false, udp = true, elapsed_sec = 3.810, client_state = 2
HOST: HolePunch state = 0, is_active = false
HOST: Wait loop iteration, go_file exists = false
HOST: _process_p2p called, delta=0.010000
HOST: Before poll_rendezvous: hole_punch state=0, is_active=false
HOST: Manual poll_rendezvous: hp.is_active() = false
HOST: Calling set_paused(false)
HOST: After manual poll_rendezvous: client._paused = false
HOST: After tick(delta): client._paused = false, client_id = <RefCounted#-9223371995633154551>
HOST: Fresh client _paused = false, fresh_client_id = <RefCounted#-9223371995633154551>
HOST: RendezvousClient paused = false, udp = true, elapsed_sec = 3.820, client_state = 2
HOST: HolePunch state = 0, is_active = false
HOST: Wait loop iteration, go_file exists = false
HOST: _process_p2p called, delta=0.010000
HOST: Before poll_rendezvous: hole_punch state=0, is_active=false
HOST: Manual poll_rendezvous: hp.is_active() = false
HOST: Calling set_paused(false)
HOST: After manual poll_rendezvous: client._paused = false
HOST: After tick(delta): client._paused = false, client_id = <RefCounted#-9223371995633154551>
HOST: Fresh client _paused = false, fresh_client_id = <RefCounted#-9223371995633154551>
HOST: RendezvousClient paused = false, udp = true, elapsed_sec = 3.830, client_state = 2
HOST: HolePunch state = 0, is_active = false
HOST: Wait loop iteration, go_file exists = false
HOST: _process_p2p called, delta=0.010000
HOST: Before poll_rendezvous: hole_punch state=0, is_active=false
HOST: Manual poll_rendezvous: hp.is_active() = false
HOST: Calling set_paused(false)
HOST: After manual poll_rendezvous: client._paused = false
HOST: After tick(delta): client._paused = false, client_id = <RefCounted#-9223371995633154551>
HOST: Fresh client _paused = false, fresh_client_id = <RefCounted#-9223371995633154551>
HOST: RendezvousClient paused = false, udp = true, elapsed_sec = 3.840, client_state = 2
HOST: HolePunch state = 0, is_active = false
HOST: Wait loop iteration, go_file exists = false
HOST: _process_p2p called, delta=0.010000
HOST: Before poll_rendezvous: hole_punch state=0, is_active=false
HOST: Manual poll_rendezvous: hp.is_active() = false
HOST: Calling set_paused(false)
HOST: After manual poll_rendezvous: client._paused = false
HOST: After tick(delta): client._paused = false, client_id = <RefCounted#-9223371995633154551>
HOST: Fresh client _paused = false, fresh_client_id = <RefCounted#-9223371995633154551>
HOST: RendezvousClient paused = false, udp = true, elapsed_sec = 3.850, client_state = 2
HOST: HolePunch state = 0, is_active = false
HOST: Wait loop iteration, go_file exists = false
HOST: _process_p2p called, delta=0.010000
HOST: Before poll_rendezvous: hole_punch state=0, is_active=false
HOST: Manual poll_rendezvous: hp.is_active() = false
HOST: Calling set_paused(false)
HOST: After manual poll_rendezvous: client._paused = false
HOST: After tick(delta): client._paused = false, client_id = <RefCounted#-9223371995633154551>
HOST: Fresh client _paused = false, fresh_client_id = <RefCounted#-9223371995633154551>
HOST: RendezvousClient paused = false, udp = true, elapsed_sec = 3.860, client_state = 2
HOST: HolePunch state = 0, is_active = false
HOST: Wait loop iteration, go_file exists = false
HOST: _process_p2p called, delta=0.010000
HOST: Before poll_rendezvous: hole_punch state=0, is_active=false
HOST: Manual poll_rendezvous: hp.is_active() = false
HOST: Calling set_paused(false)
HOST: After manual poll_rendezvous: client._paused = false
HOST: After tick(delta): client._paused = false, client_id = <RefCounted#-9223371995633154551>
HOST: Fresh client _paused = false, fresh_client_id = <RefCounted#-9223371995633154551>
HOST: RendezvousClient paused = false, udp = true, elapsed_sec = 3.870, client_state = 2
HOST: HolePunch state = 0, is_active = false
HOST: Wait loop iteration, go_file exists = false
HOST: _process_p2p called, delta=0.010000
HOST: Before poll_rendezvous: hole_punch state=0, is_active=false
HOST: Manual poll_rendezvous: hp.is_active() = false
HOST: Calling set_paused(false)
HOST: After manual poll_rendezvous: client._paused = false
HOST: After tick(delta): client._paused = false, client_id = <RefCounted#-9223371995633154551>
HOST: Fresh client _paused = false, fresh_client_id = <RefCounted#-9223371995633154551>
HOST: RendezvousClient paused = false, udp = true, elapsed_sec = 3.880, client_state = 2
HOST: HolePunch state = 0, is_active = false
HOST: Wait loop iteration, go_file exists = false
HOST: _process_p2p called, delta=0.010000
HOST: Before poll_rendezvous: hole_punch state=0, is_active=false
HOST: Manual poll_rendezvous: hp.is_active() = false
HOST: Calling set_paused(false)
HOST: After manual poll_rendezvous: client._paused = false
HOST: After tick(delta): client._paused = false, client_id = <RefCounted#-9223371995633154551>
HOST: Fresh client _paused = false, fresh_client_id = <RefCounted#-9223371995633154551>
HOST: RendezvousClient paused = false, udp = true, elapsed_sec = 3.890, client_state = 2
HOST: HolePunch state = 0, is_active = false
HOST: Wait loop iteration, go_file exists = false
HOST: _process_p2p called, delta=0.010000
HOST: Before poll_rendezvous: hole_punch state=0, is_active=false
HOST: Manual poll_rendezvous: hp.is_active() = false
HOST: Calling set_paused(false)
HOST: After manual poll_rendezvous: client._paused = false
HOST: After tick(delta): client._paused = false, client_id = <RefCounted#-9223371995633154551>
HOST: Fresh client _paused = false, fresh_client_id = <RefCounted#-9223371995633154551>
HOST: RendezvousClient paused = false, udp = true, elapsed_sec = 3.900, client_state = 2
HOST: HolePunch state = 0, is_active = false
HOST: Wait loop iteration, go_file exists = false
HOST: _process_p2p called, delta=0.010000
HOST: Before poll_rendezvous: hole_punch state=0, is_active=false
HOST: Manual poll_rendezvous: hp.is_active() = false
HOST: Calling set_paused(false)
HOST: After manual poll_rendezvous: client._paused = false
HOST: After tick(delta): client._paused = false, client_id = <RefCounted#-9223371995633154551>
HOST: Fresh client _paused = false, fresh_client_id = <RefCounted#-9223371995633154551>
HOST: RendezvousClient paused = false, udp = true, elapsed_sec = 3.910, client_state = 2
HOST: HolePunch state = 0, is_active = false
HOST: Wait loop iteration, go_file exists = false
HOST: _process_p2p called, delta=0.010000
HOST: Before poll_rendezvous: hole_punch state=0, is_active=false
HOST: Manual poll_rendezvous: hp.is_active() = false
HOST: Calling set_paused(false)
HOST: After manual poll_rendezvous: client._paused = false
HOST: After tick(delta): client._paused = false, client_id = <RefCounted#-9223371995633154551>
HOST: Fresh client _paused = false, fresh_client_id = <RefCounted#-9223371995633154551>
HOST: RendezvousClient paused = false, udp = true, elapsed_sec = 3.920, client_state = 2
HOST: HolePunch state = 0, is_active = false
HOST: Wait loop iteration, go_file exists = false
HOST: _process_p2p called, delta=0.010000
HOST: Before poll_rendezvous: hole_punch state=0, is_active=false
HOST: Manual poll_rendezvous: hp.is_active() = false
HOST: Calling set_paused(false)
HOST: After manual poll_rendezvous: client._paused = false
HOST: After tick(delta): client._paused = false, client_id = <RefCounted#-9223371995633154551>
HOST: Fresh client _paused = false, fresh_client_id = <RefCounted#-9223371995633154551>
HOST: RendezvousClient paused = false, udp = true, elapsed_sec = 3.930, client_state = 2
HOST: HolePunch state = 0, is_active = false
HOST: Wait loop iteration, go_file exists = false
HOST: _process_p2p called, delta=0.010000
HOST: Before poll_rendezvous: hole_punch state=0, is_active=false
HOST: Manual poll_rendezvous: hp.is_active() = false
HOST: Calling set_paused(false)
HOST: After manual poll_rendezvous: client._paused = false
HOST: After tick(delta): client._paused = false, client_id = <RefCounted#-9223371995633154551>
HOST: Fresh client _paused = false, fresh_client_id = <RefCounted#-9223371995633154551>
HOST: RendezvousClient paused = false, udp = true, elapsed_sec = 3.940, client_state = 2
HOST: HolePunch state = 0, is_active = false
HOST: Wait loop iteration, go_file exists = false
HOST: _process_p2p called, delta=0.010000
HOST: Before poll_rendezvous: hole_punch state=0, is_active=false
HOST: Manual poll_rendezvous: hp.is_active() = false
HOST: Calling set_paused(false)
HOST: After manual poll_rendezvous: client._paused = false
HOST: After tick(delta): client._paused = false, client_id = <RefCounted#-9223371995633154551>
HOST: Fresh client _paused = false, fresh_client_id = <RefCounted#-9223371995633154551>
HOST: RendezvousClient paused = false, udp = true, elapsed_sec = 3.950, client_state = 2
HOST: HolePunch state = 0, is_active = false
HOST: Wait loop iteration, go_file exists = false
HOST: _process_p2p called, delta=0.010000
HOST: Before poll_rendezvous: hole_punch state=0, is_active=false
HOST: Manual poll_rendezvous: hp.is_active() = false
HOST: Calling set_paused(false)
HOST: After manual poll_rendezvous: client._paused = false
HOST: After tick(delta): client._paused = false, client_id = <RefCounted#-9223371995633154551>
HOST: Fresh client _paused = false, fresh_client_id = <RefCounted#-9223371995633154551>
HOST: RendezvousClient paused = false, udp = true, elapsed_sec = 3.960, client_state = 2
HOST: HolePunch state = 0, is_active = false
HOST: Wait loop iteration, go_file exists = false
HOST: _process_p2p called, delta=0.010000
HOST: Before poll_rendezvous: hole_punch state=0, is_active=false
HOST: Manual poll_rendezvous: hp.is_active() = false
HOST: Calling set_paused(false)
HOST: After manual poll_rendezvous: client._paused = false
HOST: After tick(delta): client._paused = false, client_id = <RefCounted#-9223371995633154551>
HOST: Fresh client _paused = false, fresh_client_id = <RefCounted#-9223371995633154551>
HOST: RendezvousClient paused = false, udp = true, elapsed_sec = 3.970, client_state = 2
HOST: HolePunch state = 0, is_active = false
HOST: Wait loop iteration, go_file exists = false
HOST: _process_p2p called, delta=0.010000
HOST: Before poll_rendezvous: hole_punch state=0, is_active=false
HOST: Manual poll_rendezvous: hp.is_active() = false
HOST: Calling set_paused(false)
HOST: After manual poll_rendezvous: client._paused = false
HOST: After tick(delta): client._paused = false, client_id = <RefCounted#-9223371995633154551>
HOST: Fresh client _paused = false, fresh_client_id = <RefCounted#-9223371995633154551>
HOST: RendezvousClient paused = false, udp = true, elapsed_sec = 3.980, client_state = 2
HOST: HolePunch state = 0, is_active = false
HOST: Wait loop iteration, go_file exists = false
HOST: _process_p2p called, delta=0.010000
HOST: Before poll_rendezvous: hole_punch state=0, is_active=false
HOST: Manual poll_rendezvous: hp.is_active() = false
HOST: Calling set_paused(false)
HOST: After manual poll_rendezvous: client._paused = false
HOST: After tick(delta): client._paused = false, client_id = <RefCounted#-9223371995633154551>
HOST: Fresh client _paused = false, fresh_client_id = <RefCounted#-9223371995633154551>
HOST: RendezvousClient paused = false, udp = true, elapsed_sec = 3.990, client_state = 2
HOST: HolePunch state = 0, is_active = false
HOST: Wait loop iteration, go_file exists = false
HOST: _process_p2p called, delta=0.010000
HOST: Before poll_rendezvous: hole_punch state=0, is_active=false
HOST: Manual poll_rendezvous: hp.is_active() = false
HOST: Calling set_paused(false)
HOST: After manual poll_rendezvous: client._paused = false
HOST: After tick(delta): client._paused = false, client_id = <RefCounted#-9223371995633154551>
HOST: Fresh client _paused = false, fresh_client_id = <RefCounted#-9223371995633154551>
HOST: RendezvousClient paused = false, udp = true, elapsed_sec = 4.000, client_state = 2
HOST: HolePunch state = 0, is_active = false
HOST: Wait loop iteration, go_file exists = false
HOST: _process_p2p called, delta=0.010000
HOST: Before poll_rendezvous: hole_punch state=0, is_active=false
HOST: Manual poll_rendezvous: hp.is_active() = false
HOST: Calling set_paused(false)
HOST: After manual poll_rendezvous: client._paused = false
HOST: After tick(delta): client._paused = false, client_id = <RefCounted#-9223371995633154551>
HOST: Fresh client _paused = false, fresh_client_id = <RefCounted#-9223371995633154551>
HOST: RendezvousClient paused = false, udp = true, elapsed_sec = 4.010, client_state = 2
HOST: HolePunch state = 0, is_active = false
HOST: Wait loop iteration, go_file exists = false
HOST: _process_p2p called, delta=0.010000
HOST: Before poll_rendezvous: hole_punch state=0, is_active=false
HOST: Manual poll_rendezvous: hp.is_active() = false
HOST: Calling set_paused(false)
HOST: After manual poll_rendezvous: client._paused = false
HOST: After tick(delta): client._paused = false, client_id = <RefCounted#-9223371995633154551>
HOST: Fresh client _paused = false, fresh_client_id = <RefCounted#-9223371995633154551>
HOST: RendezvousClient paused = false, udp = true, elapsed_sec = 4.020, client_state = 2
HOST: HolePunch state = 0, is_active = false
HOST: Wait loop iteration, go_file exists = false
HOST: _process_p2p called, delta=0.010000
HOST: Before poll_rendezvous: hole_punch state=0, is_active=false
HOST: Manual poll_rendezvous: hp.is_active() = false
HOST: Calling set_paused(false)
HOST: After manual poll_rendezvous: client._paused = false
HOST: After tick(delta): client._paused = false, client_id = <RefCounted#-9223371995633154551>
HOST: Fresh client _paused = false, fresh_client_id = <RefCounted#-9223371995633154551>
HOST: RendezvousClient paused = false, udp = true, elapsed_sec = 4.030, client_state = 2
HOST: HolePunch state = 0, is_active = false
HOST: Wait loop iteration, go_file exists = false
HOST: _process_p2p called, delta=0.010000
HOST: Before poll_rendezvous: hole_punch state=0, is_active=false
HOST: Manual poll_rendezvous: hp.is_active() = false
HOST: Calling set_paused(false)
HOST: After manual poll_rendezvous: client._paused = false
HOST: After tick(delta): client._paused = false, client_id = <RefCounted#-9223371995633154551>
HOST: Fresh client _paused = false, fresh_client_id = <RefCounted#-9223371995633154551>
HOST: RendezvousClient paused = false, udp = true, elapsed_sec = 4.040, client_state = 2
HOST: HolePunch state = 0, is_active = false
HOST: Wait loop iteration, go_file exists = false
HOST: _process_p2p called, delta=0.010000
HOST: Before poll_rendezvous: hole_punch state=0, is_active=false
HOST: Manual poll_rendezvous: hp.is_active() = false
HOST: Calling set_paused(false)
HOST: After manual poll_rendezvous: client._paused = false
HOST: After tick(delta): client._paused = false, client_id = <RefCounted#-9223371995633154551>
HOST: Fresh client _paused = false, fresh_client_id = <RefCounted#-9223371995633154551>
HOST: RendezvousClient paused = false, udp = true, elapsed_sec = 4.050, client_state = 2
HOST: HolePunch state = 0, is_active = false
HOST: Wait loop iteration, go_file exists = false
HOST: _process_p2p called, delta=0.010000
HOST: Before poll_rendezvous: hole_punch state=0, is_active=false
HOST: Manual poll_rendezvous: hp.is_active() = false
HOST: Calling set_paused(false)
HOST: After manual poll_rendezvous: client._paused = false
HOST: After tick(delta): client._paused = false, client_id = <RefCounted#-9223371995633154551>
HOST: Fresh client _paused = false, fresh_client_id = <RefCounted#-9223371995633154551>
HOST: RendezvousClient paused = false, udp = true, elapsed_sec = 4.060, client_state = 2
HOST: HolePunch state = 0, is_active = false
HOST: Wait loop iteration, go_file exists = false
HOST: _process_p2p called, delta=0.010000
HOST: Before poll_rendezvous: hole_punch state=0, is_active=false
HOST: Manual poll_rendezvous: hp.is_active() = false
HOST: Calling set_paused(false)
HOST: After manual poll_rendezvous: client._paused = false
HOST: After tick(delta): client._paused = false, client_id = <RefCounted#-9223371995633154551>
HOST: Fresh client _paused = false, fresh_client_id = <RefCounted#-9223371995633154551>
HOST: RendezvousClient paused = false, udp = true, elapsed_sec = 4.070, client_state = 2
HOST: HolePunch state = 0, is_active = false
HOST: Wait loop iteration, go_file exists = false
HOST: _process_p2p called, delta=0.010000
HOST: Before poll_rendezvous: hole_punch state=0, is_active=false
HOST: Manual poll_rendezvous: hp.is_active() = false
HOST: Calling set_paused(false)
HOST: After manual poll_rendezvous: client._paused = false
HOST: After tick(delta): client._paused = false, client_id = <RefCounted#-9223371995633154551>
HOST: Fresh client _paused = false, fresh_client_id = <RefCounted#-9223371995633154551>
HOST: RendezvousClient paused = false, udp = true, elapsed_sec = 4.080, client_state = 2
HOST: HolePunch state = 0, is_active = false
HOST: Wait loop iteration, go_file exists = false
HOST: _process_p2p called, delta=0.010000
HOST: Before poll_rendezvous: hole_punch state=0, is_active=false
HOST: Manual poll_rendezvous: hp.is_active() = false
HOST: Calling set_paused(false)
HOST: After manual poll_rendezvous: client._paused = false
HOST: After tick(delta): client._paused = false, client_id = <RefCounted#-9223371995633154551>
HOST: Fresh client _paused = false, fresh_client_id = <RefCounted#-9223371995633154551>
HOST: RendezvousClient paused = false, udp = true, elapsed_sec = 4.090, client_state = 2
HOST: HolePunch state = 0, is_active = false
HOST: Wait loop iteration, go_file exists = false
HOST: _process_p2p called, delta=0.010000
HOST: Before poll_rendezvous: hole_punch state=0, is_active=false
HOST: Manual poll_rendezvous: hp.is_active() = false
HOST: Calling set_paused(false)
HOST: After manual poll_rendezvous: client._paused = false
HOST: After tick(delta): client._paused = false, client_id = <RefCounted#-9223371995633154551>
HOST: Fresh client _paused = false, fresh_client_id = <RefCounted#-9223371995633154551>
HOST: RendezvousClient paused = false, udp = true, elapsed_sec = 4.100, client_state = 2
HOST: HolePunch state = 0, is_active = false
HOST: Wait loop iteration, go_file exists = false
HOST: _process_p2p called, delta=0.010000
HOST: Before poll_rendezvous: hole_punch state=0, is_active=false
HOST: Manual poll_rendezvous: hp.is_active() = false
HOST: Calling set_paused(false)
HOST: After manual poll_rendezvous: client._paused = false
HOST: After tick(delta): client._paused = false, client_id = <RefCounted#-9223371995633154551>
HOST: Fresh client _paused = false, fresh_client_id = <RefCounted#-9223371995633154551>
HOST: RendezvousClient paused = false, udp = true, elapsed_sec = 4.110, client_state = 2
HOST: HolePunch state = 0, is_active = false
HOST: Wait loop iteration, go_file exists = false
HOST: _process_p2p called, delta=0.010000
HOST: Before poll_rendezvous: hole_punch state=0, is_active=false
HOST: Manual poll_rendezvous: hp.is_active() = false
HOST: Calling set_paused(false)
HOST: After manual poll_rendezvous: client._paused = false
HOST: After tick(delta): client._paused = false, client_id = <RefCounted#-9223371995633154551>
HOST: Fresh client _paused = false, fresh_client_id = <RefCounted#-9223371995633154551>
HOST: RendezvousClient paused = false, udp = true, elapsed_sec = 4.120, client_state = 2
HOST: HolePunch state = 0, is_active = false
HOST: Wait loop iteration, go_file exists = false
HOST: _process_p2p called, delta=0.010000
HOST: Before poll_rendezvous: hole_punch state=0, is_active=false
HOST: Manual poll_rendezvous: hp.is_active() = false
HOST: Calling set_paused(false)
HOST: After manual poll_rendezvous: client._paused = false
HOST: After tick(delta): client._paused = false, client_id = <RefCounted#-9223371995633154551>
HOST: Fresh client _paused = false, fresh_client_id = <RefCounted#-9223371995633154551>
HOST: RendezvousClient paused = false, udp = true, elapsed_sec = 4.130, client_state = 2
HOST: HolePunch state = 0, is_active = false
HOST: Wait loop iteration, go_file exists = false
HOST: _process_p2p called, delta=0.010000
HOST: Before poll_rendezvous: hole_punch state=0, is_active=false
HOST: Manual poll_rendezvous: hp.is_active() = false
HOST: Calling set_paused(false)
HOST: After manual poll_rendezvous: client._paused = false
HOST: After tick(delta): client._paused = false, client_id = <RefCounted#-9223371995633154551>
HOST: Fresh client _paused = false, fresh_client_id = <RefCounted#-9223371995633154551>
HOST: RendezvousClient paused = false, udp = true, elapsed_sec = 4.140, client_state = 2
HOST: HolePunch state = 0, is_active = false
HOST: Wait loop iteration, go_file exists = false
HOST: _process_p2p called, delta=0.010000
HOST: Before poll_rendezvous: hole_punch state=0, is_active=false
HOST: Manual poll_rendezvous: hp.is_active() = false
HOST: Calling set_paused(false)
HOST: After manual poll_rendezvous: client._paused = false
HOST: After tick(delta): client._paused = false, client_id = <RefCounted#-9223371995633154551>
HOST: Fresh client _paused = false, fresh_client_id = <RefCounted#-9223371995633154551>
HOST: RendezvousClient paused = false, udp = true, elapsed_sec = 4.150, client_state = 2
HOST: HolePunch state = 0, is_active = false
HOST: Wait loop iteration, go_file exists = false
HOST: _process_p2p called, delta=0.010000
HOST: Before poll_rendezvous: hole_punch state=0, is_active=false
HOST: Manual poll_rendezvous: hp.is_active() = false
HOST: Calling set_paused(false)
HOST: After manual poll_rendezvous: client._paused = false
HOST: After tick(delta): client._paused = false, client_id = <RefCounted#-9223371995633154551>
HOST: Fresh client _paused = false, fresh_client_id = <RefCounted#-9223371995633154551>
HOST: RendezvousClient paused = false, udp = true, elapsed_sec = 4.160, client_state = 2
HOST: HolePunch state = 0, is_active = false
HOST: Wait loop iteration, go_file exists = false
HOST: _process_p2p called, delta=0.010000
HOST: Before poll_rendezvous: hole_punch state=0, is_active=false
HOST: Manual poll_rendezvous: hp.is_active() = false
HOST: Calling set_paused(false)
HOST: After manual poll_rendezvous: client._paused = false
HOST: After tick(delta): client._paused = false, client_id = <RefCounted#-9223371995633154551>
HOST: Fresh client _paused = false, fresh_client_id = <RefCounted#-9223371995633154551>
HOST: RendezvousClient paused = false, udp = true, elapsed_sec = 4.170, client_state = 2
HOST: HolePunch state = 0, is_active = false
HOST: Wait loop iteration, go_file exists = false
HOST: _process_p2p called, delta=0.010000
HOST: Before poll_rendezvous: hole_punch state=0, is_active=false
HOST: Manual poll_rendezvous: hp.is_active() = false
HOST: Calling set_paused(false)
HOST: After manual poll_rendezvous: client._paused = false
HOST: After tick(delta): client._paused = false, client_id = <RefCounted#-9223371995633154551>
HOST: Fresh client _paused = false, fresh_client_id = <RefCounted#-9223371995633154551>
HOST: RendezvousClient paused = false, udp = true, elapsed_sec = 4.180, client_state = 2
HOST: HolePunch state = 0, is_active = false
HOST: Wait loop iteration, go_file exists = false
HOST: _process_p2p called, delta=0.010000
HOST: Before poll_rendezvous: hole_punch state=0, is_active=false
HOST: Manual poll_rendezvous: hp.is_active() = false
HOST: Calling set_paused(false)
HOST: After manual poll_rendezvous: client._paused = false
HOST: After tick(delta): client._paused = false, client_id = <RefCounted#-9223371995633154551>
HOST: Fresh client _paused = false, fresh_client_id = <RefCounted#-9223371995633154551>
HOST: RendezvousClient paused = false, udp = true, elapsed_sec = 4.190, client_state = 2
HOST: HolePunch state = 0, is_active = false
HOST: Wait loop iteration, go_file exists = false
HOST: _process_p2p called, delta=0.010000
HOST: Before poll_rendezvous: hole_punch state=0, is_active=false
HOST: Manual poll_rendezvous: hp.is_active() = false
HOST: Calling set_paused(false)
HOST: After manual poll_rendezvous: client._paused = false
HOST: After tick(delta): client._paused = false, client_id = <RefCounted#-9223371995633154551>
HOST: Fresh client _paused = false, fresh_client_id = <RefCounted#-9223371995633154551>
HOST: RendezvousClient paused = false, udp = true, elapsed_sec = 4.200, client_state = 2
HOST: HolePunch state = 0, is_active = false
HOST: Wait loop iteration, go_file exists = false
HOST: _process_p2p called, delta=0.010000
HOST: Before poll_rendezvous: hole_punch state=0, is_active=false
HOST: Manual poll_rendezvous: hp.is_active() = false
HOST: Calling set_paused(false)
HOST: After manual poll_rendezvous: client._paused = false
HOST: After tick(delta): client._paused = false, client_id = <RefCounted#-9223371995633154551>
HOST: Fresh client _paused = false, fresh_client_id = <RefCounted#-9223371995633154551>
HOST: RendezvousClient paused = false, udp = true, elapsed_sec = 4.210, client_state = 2
HOST: HolePunch state = 0, is_active = false
HOST: Wait loop iteration, go_file exists = false
HOST: _process_p2p called, delta=0.010000
HOST: Before poll_rendezvous: hole_punch state=0, is_active=false
HOST: Manual poll_rendezvous: hp.is_active() = false
HOST: Calling set_paused(false)
HOST: After manual poll_rendezvous: client._paused = false
HOST: After tick(delta): client._paused = false, client_id = <RefCounted#-9223371995633154551>
HOST: Fresh client _paused = false, fresh_client_id = <RefCounted#-9223371995633154551>
HOST: RendezvousClient paused = false, udp = true, elapsed_sec = 4.220, client_state = 2
HOST: HolePunch state = 0, is_active = false
HOST: Wait loop iteration, go_file exists = false
HOST: _process_p2p called, delta=0.010000
HOST: Before poll_rendezvous: hole_punch state=0, is_active=false
HOST: Manual poll_rendezvous: hp.is_active() = false
HOST: Calling set_paused(false)
HOST: After manual poll_rendezvous: client._paused = false
HOST: After tick(delta): client._paused = false, client_id = <RefCounted#-9223371995633154551>
HOST: Fresh client _paused = false, fresh_client_id = <RefCounted#-9223371995633154551>
HOST: RendezvousClient paused = false, udp = true, elapsed_sec = 4.230, client_state = 2
HOST: HolePunch state = 0, is_active = false
HOST: Wait loop iteration, go_file exists = false
HOST: _process_p2p called, delta=0.010000
HOST: Before poll_rendezvous: hole_punch state=0, is_active=false
HOST: Manual poll_rendezvous: hp.is_active() = false
HOST: Calling set_paused(false)
HOST: After manual poll_rendezvous: client._paused = false
HOST: After tick(delta): client._paused = false, client_id = <RefCounted#-9223371995633154551>
HOST: Fresh client _paused = false, fresh_client_id = <RefCounted#-9223371995633154551>
HOST: RendezvousClient paused = false, udp = true, elapsed_sec = 4.240, client_state = 2
HOST: HolePunch state = 0, is_active = false
HOST: Wait loop iteration, go_file exists = false
HOST: _process_p2p called, delta=0.010000
HOST: Before poll_rendezvous: hole_punch state=0, is_active=false
HOST: Manual poll_rendezvous: hp.is_active() = false
HOST: Calling set_paused(false)
HOST: After manual poll_rendezvous: client._paused = false
HOST: After tick(delta): client._paused = false, client_id = <RefCounted#-9223371995633154551>
HOST: Fresh client _paused = false, fresh_client_id = <RefCounted#-9223371995633154551>
HOST: RendezvousClient paused = false, udp = true, elapsed_sec = 4.250, client_state = 2
HOST: HolePunch state = 0, is_active = false
HOST: Wait loop iteration, go_file exists = false
HOST: _process_p2p called, delta=0.010000
HOST: Before poll_rendezvous: hole_punch state=0, is_active=false
HOST: Manual poll_rendezvous: hp.is_active() = false
HOST: Calling set_paused(false)
HOST: After manual poll_rendezvous: client._paused = false
HOST: After tick(delta): client._paused = false, client_id = <RefCounted#-9223371995633154551>
HOST: Fresh client _paused = false, fresh_client_id = <RefCounted#-9223371995633154551>
HOST: RendezvousClient paused = false, udp = true, elapsed_sec = 4.260, client_state = 2
HOST: HolePunch state = 0, is_active = false
HOST: Wait loop iteration, go_file exists = false
HOST: _process_p2p called, delta=0.010000
HOST: Before poll_rendezvous: hole_punch state=0, is_active=false
HOST: Manual poll_rendezvous: hp.is_active() = false
HOST: Calling set_paused(false)
HOST: After manual poll_rendezvous: client._paused = false
HOST: After tick(delta): client._paused = false, client_id = <RefCounted#-9223371995633154551>
HOST: Fresh client _paused = false, fresh_client_id = <RefCounted#-9223371995633154551>
HOST: RendezvousClient paused = false, udp = true, elapsed_sec = 4.270, client_state = 2
HOST: HolePunch state = 0, is_active = false
HOST: Wait loop iteration, go_file exists = false
HOST: _process_p2p called, delta=0.010000
HOST: Before poll_rendezvous: hole_punch state=0, is_active=false
HOST: Manual poll_rendezvous: hp.is_active() = false
HOST: Calling set_paused(false)
HOST: After manual poll_rendezvous: client._paused = false
HOST: After tick(delta): client._paused = false, client_id = <RefCounted#-9223371995633154551>
HOST: Fresh client _paused = false, fresh_client_id = <RefCounted#-9223371995633154551>
HOST: RendezvousClient paused = false, udp = true, elapsed_sec = 4.280, client_state = 2
HOST: HolePunch state = 0, is_active = false
HOST: Wait loop iteration, go_file exists = false
HOST: _process_p2p called, delta=0.010000
HOST: Before poll_rendezvous: hole_punch state=0, is_active=false
HOST: Manual poll_rendezvous: hp.is_active() = false
HOST: Calling set_paused(false)
HOST: After manual poll_rendezvous: client._paused = false
HOST: After tick(delta): client._paused = false, client_id = <RefCounted#-9223371995633154551>
HOST: Fresh client _paused = false, fresh_client_id = <RefCounted#-9223371995633154551>
HOST: RendezvousClient paused = false, udp = true, elapsed_sec = 4.290, client_state = 2
HOST: HolePunch state = 0, is_active = false
HOST: Wait loop iteration, go_file exists = false
HOST: _process_p2p called, delta=0.010000
HOST: Before poll_rendezvous: hole_punch state=0, is_active=false
HOST: Manual poll_rendezvous: hp.is_active() = false
HOST: Calling set_paused(false)
HOST: After manual poll_rendezvous: client._paused = false
HOST: After tick(delta): client._paused = false, client_id = <RefCounted#-9223371995633154551>
HOST: Fresh client _paused = false, fresh_client_id = <RefCounted#-9223371995633154551>
HOST: RendezvousClient paused = false, udp = true, elapsed_sec = 4.300, client_state = 2
HOST: HolePunch state = 0, is_active = false
HOST: Wait loop iteration, go_file exists = false
HOST: _process_p2p called, delta=0.010000
HOST: Before poll_rendezvous: hole_punch state=0, is_active=false
HOST: Manual poll_rendezvous: hp.is_active() = false
HOST: Calling set_paused(false)
HOST: After manual poll_rendezvous: client._paused = false
HOST: After tick(delta): client._paused = false, client_id = <RefCounted#-9223371995633154551>
HOST: Fresh client _paused = false, fresh_client_id = <RefCounted#-9223371995633154551>
HOST: RendezvousClient paused = false, udp = true, elapsed_sec = 4.310, client_state = 2
HOST: HolePunch state = 0, is_active = false
HOST: Wait loop iteration, go_file exists = false
HOST: _process_p2p called, delta=0.010000
HOST: Before poll_rendezvous: hole_punch state=0, is_active=false
HOST: Manual poll_rendezvous: hp.is_active() = false
HOST: Calling set_paused(false)
HOST: After manual poll_rendezvous: client._paused = false
HOST: After tick(delta): client._paused = false, client_id = <RefCounted#-9223371995633154551>
HOST: Fresh client _paused = false, fresh_client_id = <RefCounted#-9223371995633154551>
HOST: RendezvousClient paused = false, udp = true, elapsed_sec = 4.320, client_state = 2
HOST: HolePunch state = 0, is_active = false
HOST: Wait loop iteration, go_file exists = false
HOST: _process_p2p called, delta=0.010000
HOST: Before poll_rendezvous: hole_punch state=0, is_active=false
HOST: Manual poll_rendezvous: hp.is_active() = false
HOST: Calling set_paused(false)
HOST: After manual poll_rendezvous: client._paused = false
HOST: After tick(delta): client._paused = false, client_id = <RefCounted#-9223371995633154551>
HOST: Fresh client _paused = false, fresh_client_id = <RefCounted#-9223371995633154551>
HOST: RendezvousClient paused = false, udp = true, elapsed_sec = 4.330, client_state = 2
HOST: HolePunch state = 0, is_active = false
HOST: Wait loop iteration, go_file exists = false
HOST: _process_p2p called, delta=0.010000
HOST: Before poll_rendezvous: hole_punch state=0, is_active=false
HOST: Manual poll_rendezvous: hp.is_active() = false
HOST: Calling set_paused(false)
HOST: After manual poll_rendezvous: client._paused = false
HOST: After tick(delta): client._paused = false, client_id = <RefCounted#-9223371995633154551>
HOST: Fresh client _paused = false, fresh_client_id = <RefCounted#-9223371995633154551>
HOST: RendezvousClient paused = false, udp = true, elapsed_sec = 4.340, client_state = 2
HOST: HolePunch state = 0, is_active = false
HOST: Wait loop iteration, go_file exists = false
HOST: _process_p2p called, delta=0.010000
HOST: Before poll_rendezvous: hole_punch state=0, is_active=false
HOST: Manual poll_rendezvous: hp.is_active() = false
HOST: Calling set_paused(false)
HOST: After manual poll_rendezvous: client._paused = false
HOST: After tick(delta): client._paused = false, client_id = <RefCounted#-9223371995633154551>
HOST: Fresh client _paused = false, fresh_client_id = <RefCounted#-9223371995633154551>
HOST: RendezvousClient paused = false, udp = true, elapsed_sec = 4.350, client_state = 2
HOST: HolePunch state = 0, is_active = false
HOST: Wait loop iteration, go_file exists = false
HOST: _process_p2p called, delta=0.010000
HOST: Before poll_rendezvous: hole_punch state=0, is_active=false
HOST: Manual poll_rendezvous: hp.is_active() = false
HOST: Calling set_paused(false)
HOST: After manual poll_rendezvous: client._paused = false
HOST: After tick(delta): client._paused = false, client_id = <RefCounted#-9223371995633154551>
HOST: Fresh client _paused = false, fresh_client_id = <RefCounted#-9223371995633154551>
HOST: RendezvousClient paused = false, udp = true, elapsed_sec = 4.360, client_state = 2
HOST: HolePunch state = 0, is_active = false
HOST: Wait loop iteration, go_file exists = false
HOST: _process_p2p called, delta=0.010000
HOST: Before poll_rendezvous: hole_punch state=0, is_active=false
HOST: Manual poll_rendezvous: hp.is_active() = false
HOST: Calling set_paused(false)
HOST: After manual poll_rendezvous: client._paused = false
HOST: After tick(delta): client._paused = false, client_id = <RefCounted#-9223371995633154551>
HOST: Fresh client _paused = false, fresh_client_id = <RefCounted#-9223371995633154551>
HOST: RendezvousClient paused = false, udp = true, elapsed_sec = 4.370, client_state = 2
HOST: HolePunch state = 0, is_active = false
HOST: Wait loop iteration, go_file exists = false
HOST: _process_p2p called, delta=0.010000
HOST: Before poll_rendezvous: hole_punch state=0, is_active=false
HOST: Manual poll_rendezvous: hp.is_active() = false
HOST: Calling set_paused(false)
HOST: After manual poll_rendezvous: client._paused = false
HOST: After tick(delta): client._paused = false, client_id = <RefCounted#-9223371995633154551>
HOST: Fresh client _paused = false, fresh_client_id = <RefCounted#-9223371995633154551>
HOST: RendezvousClient paused = false, udp = true, elapsed_sec = 4.380, client_state = 2
HOST: HolePunch state = 0, is_active = false
HOST: Wait loop iteration, go_file exists = false
HOST: _process_p2p called, delta=0.010000
HOST: Before poll_rendezvous: hole_punch state=0, is_active=false
HOST: Manual poll_rendezvous: hp.is_active() = false
HOST: Calling set_paused(false)
HOST: After manual poll_rendezvous: client._paused = false
HOST: After tick(delta): client._paused = false, client_id = <RefCounted#-9223371995633154551>
HOST: Fresh client _paused = false, fresh_client_id = <RefCounted#-9223371995633154551>
HOST: RendezvousClient paused = false, udp = true, elapsed_sec = 4.390, client_state = 2
HOST: HolePunch state = 0, is_active = false
HOST: Wait loop iteration, go_file exists = false
HOST: _process_p2p called, delta=0.010000
HOST: Before poll_rendezvous: hole_punch state=0, is_active=false
HOST: Manual poll_rendezvous: hp.is_active() = false
HOST: Calling set_paused(false)
HOST: After manual poll_rendezvous: client._paused = false
HOST: After tick(delta): client._paused = false, client_id = <RefCounted#-9223371995633154551>
HOST: Fresh client _paused = false, fresh_client_id = <RefCounted#-9223371995633154551>
HOST: RendezvousClient paused = false, udp = true, elapsed_sec = 4.400, client_state = 2
HOST: HolePunch state = 0, is_active = false
HOST: Wait loop iteration, go_file exists = false
HOST: _process_p2p called, delta=0.010000
HOST: Before poll_rendezvous: hole_punch state=0, is_active=false
HOST: Manual poll_rendezvous: hp.is_active() = false
HOST: Calling set_paused(false)
HOST: After manual poll_rendezvous: client._paused = false
HOST: After tick(delta): client._paused = false, client_id = <RefCounted#-9223371995633154551>
HOST: Fresh client _paused = false, fresh_client_id = <RefCounted#-9223371995633154551>
HOST: RendezvousClient paused = false, udp = true, elapsed_sec = 4.410, client_state = 2
HOST: HolePunch state = 0, is_active = false
HOST: Wait loop iteration, go_file exists = false
HOST: _process_p2p called, delta=0.010000
HOST: Before poll_rendezvous: hole_punch state=0, is_active=false
HOST: Manual poll_rendezvous: hp.is_active() = false
HOST: Calling set_paused(false)
HOST: After manual poll_rendezvous: client._paused = false
HOST: After tick(delta): client._paused = false, client_id = <RefCounted#-9223371995633154551>
HOST: Fresh client _paused = false, fresh_client_id = <RefCounted#-9223371995633154551>
HOST: RendezvousClient paused = false, udp = true, elapsed_sec = 4.420, client_state = 2
HOST: HolePunch state = 0, is_active = false
HOST: Wait loop iteration, go_file exists = false
HOST: _process_p2p called, delta=0.010000
HOST: Before poll_rendezvous: hole_punch state=0, is_active=false
HOST: Manual poll_rendezvous: hp.is_active() = false
HOST: Calling set_paused(false)
HOST: After manual poll_rendezvous: client._paused = false
HOST: After tick(delta): client._paused = false, client_id = <RefCounted#-9223371995633154551>
HOST: Fresh client _paused = false, fresh_client_id = <RefCounted#-9223371995633154551>
HOST: RendezvousClient paused = false, udp = true, elapsed_sec = 4.430, client_state = 2
HOST: HolePunch state = 0, is_active = false
HOST: Wait loop iteration, go_file exists = false
HOST: _process_p2p called, delta=0.010000
HOST: Before poll_rendezvous: hole_punch state=0, is_active=false
HOST: Manual poll_rendezvous: hp.is_active() = false
HOST: Calling set_paused(false)
HOST: After manual poll_rendezvous: client._paused = false
HOST: After tick(delta): client._paused = false, client_id = <RefCounted#-9223371995633154551>
HOST: Fresh client _paused = false, fresh_client_id = <RefCounted#-9223371995633154551>
HOST: RendezvousClient paused = false, udp = true, elapsed_sec = 4.440, client_state = 2
HOST: HolePunch state = 0, is_active = false
HOST: Wait loop iteration, go_file exists = false
HOST: _process_p2p called, delta=0.010000
HOST: Before poll_rendezvous: hole_punch state=0, is_active=false
HOST: Manual poll_rendezvous: hp.is_active() = false
HOST: Calling set_paused(false)
HOST: After manual poll_rendezvous: client._paused = false
HOST: After tick(delta): client._paused = false, client_id = <RefCounted#-9223371995633154551>
HOST: Fresh client _paused = false, fresh_client_id = <RefCounted#-9223371995633154551>
HOST: RendezvousClient paused = false, udp = true, elapsed_sec = 4.450, client_state = 2
HOST: HolePunch state = 0, is_active = false
HOST: Wait loop iteration, go_file exists = false
HOST: _process_p2p called, delta=0.010000
HOST: Before poll_rendezvous: hole_punch state=0, is_active=false
HOST: Manual poll_rendezvous: hp.is_active() = false
HOST: Calling set_paused(false)
HOST: After manual poll_rendezvous: client._paused = false
HOST: After tick(delta): client._paused = false, client_id = <RefCounted#-9223371995633154551>
HOST: Fresh client _paused = false, fresh_client_id = <RefCounted#-9223371995633154551>
HOST: RendezvousClient paused = false, udp = true, elapsed_sec = 4.460, client_state = 2
HOST: HolePunch state = 0, is_active = false
HOST: Wait loop iteration, go_file exists = false
HOST: _process_p2p called, delta=0.010000
HOST: Before poll_rendezvous: hole_punch state=0, is_active=false
HOST: Manual poll_rendezvous: hp.is_active() = false
HOST: Calling set_paused(false)
HOST: After manual poll_rendezvous: client._paused = false
HOST: After tick(delta): client._paused = false, client_id = <RefCounted#-9223371995633154551>
HOST: Fresh client _paused = false, fresh_client_id = <RefCounted#-9223371995633154551>
HOST: RendezvousClient paused = false, udp = true, elapsed_sec = 4.470, client_state = 2
HOST: HolePunch state = 0, is_active = false
HOST: Wait loop iteration, go_file exists = false
HOST: _process_p2p called, delta=0.010000
HOST: Before poll_rendezvous: hole_punch state=0, is_active=false
HOST: Manual poll_rendezvous: hp.is_active() = false
HOST: Calling set_paused(false)
HOST: After manual poll_rendezvous: client._paused = false
HOST: After tick(delta): client._paused = false, client_id = <RefCounted#-9223371995633154551>
HOST: Fresh client _paused = false, fresh_client_id = <RefCounted#-9223371995633154551>
HOST: RendezvousClient paused = false, udp = true, elapsed_sec = 4.480, client_state = 2
HOST: HolePunch state = 0, is_active = false
HOST: Wait loop iteration, go_file exists = false
HOST: _process_p2p called, delta=0.010000
HOST: Before poll_rendezvous: hole_punch state=0, is_active=false
HOST: Manual poll_rendezvous: hp.is_active() = false
HOST: Calling set_paused(false)
HOST: After manual poll_rendezvous: client._paused = false
HOST: After tick(delta): client._paused = false, client_id = <RefCounted#-9223371995633154551>
HOST: Fresh client _paused = false, fresh_client_id = <RefCounted#-9223371995633154551>
HOST: RendezvousClient paused = false, udp = true, elapsed_sec = 4.490, client_state = 2
HOST: HolePunch state = 0, is_active = false
HOST: Wait loop iteration, go_file exists = false
HOST: _process_p2p called, delta=0.010000
HOST: Before poll_rendezvous: hole_punch state=0, is_active=false
HOST: Manual poll_rendezvous: hp.is_active() = false
HOST: Calling set_paused(false)
HOST: After manual poll_rendezvous: client._paused = false
HOST: After tick(delta): client._paused = false, client_id = <RefCounted#-9223371995633154551>
HOST: Fresh client _paused = false, fresh_client_id = <RefCounted#-9223371995633154551>
HOST: RendezvousClient paused = false, udp = true, elapsed_sec = 4.500, client_state = 2
HOST: HolePunch state = 0, is_active = false
HOST: Wait loop iteration, go_file exists = false
HOST: _process_p2p called, delta=0.010000
HOST: Before poll_rendezvous: hole_punch state=0, is_active=false
HOST: Manual poll_rendezvous: hp.is_active() = false
HOST: Calling set_paused(false)
HOST: After manual poll_rendezvous: client._paused = false
HOST: After tick(delta): client._paused = false, client_id = <RefCounted#-9223371995633154551>
HOST: Fresh client _paused = false, fresh_client_id = <RefCounted#-9223371995633154551>
HOST: RendezvousClient paused = false, udp = true, elapsed_sec = 4.510, client_state = 2
HOST: HolePunch state = 0, is_active = false
HOST: Wait loop iteration, go_file exists = false
HOST: _process_p2p called, delta=0.010000
HOST: Before poll_rendezvous: hole_punch state=0, is_active=false
HOST: Manual poll_rendezvous: hp.is_active() = false
HOST: Calling set_paused(false)
HOST: After manual poll_rendezvous: client._paused = false
HOST: After tick(delta): client._paused = false, client_id = <RefCounted#-9223371995633154551>
HOST: Fresh client _paused = false, fresh_client_id = <RefCounted#-9223371995633154551>
HOST: RendezvousClient paused = false, udp = true, elapsed_sec = 4.520, client_state = 2
HOST: HolePunch state = 0, is_active = false
HOST: Wait loop iteration, go_file exists = false
HOST: _process_p2p called, delta=0.010000
HOST: Before poll_rendezvous: hole_punch state=0, is_active=false
HOST: Manual poll_rendezvous: hp.is_active() = false
HOST: Calling set_paused(false)
HOST: After manual poll_rendezvous: client._paused = false
HOST: After tick(delta): client._paused = false, client_id = <RefCounted#-9223371995633154551>
HOST: Fresh client _paused = false, fresh_client_id = <RefCounted#-9223371995633154551>
HOST: RendezvousClient paused = false, udp = true, elapsed_sec = 4.530, client_state = 2
HOST: HolePunch state = 0, is_active = false
HOST: Wait loop iteration, go_file exists = false
HOST: _process_p2p called, delta=0.010000
HOST: Before poll_rendezvous: hole_punch state=0, is_active=false
HOST: Manual poll_rendezvous: hp.is_active() = false
HOST: Calling set_paused(false)
HOST: After manual poll_rendezvous: client._paused = false
HOST: After tick(delta): client._paused = false, client_id = <RefCounted#-9223371995633154551>
HOST: Fresh client _paused = false, fresh_client_id = <RefCounted#-9223371995633154551>
HOST: RendezvousClient paused = false, udp = true, elapsed_sec = 4.540, client_state = 2
HOST: HolePunch state = 0, is_active = false
HOST: Wait loop iteration, go_file exists = false
HOST: _process_p2p called, delta=0.010000
HOST: Before poll_rendezvous: hole_punch state=0, is_active=false
HOST: Manual poll_rendezvous: hp.is_active() = false
HOST: Calling set_paused(false)
HOST: After manual poll_rendezvous: client._paused = false
HOST: After tick(delta): client._paused = false, client_id = <RefCounted#-9223371995633154551>
HOST: Fresh client _paused = false, fresh_client_id = <RefCounted#-9223371995633154551>
HOST: RendezvousClient paused = false, udp = true, elapsed_sec = 4.550, client_state = 2
HOST: HolePunch state = 0, is_active = false
HOST: Wait loop iteration, go_file exists = false
HOST: _process_p2p called, delta=0.010000
HOST: Before poll_rendezvous: hole_punch state=0, is_active=false
HOST: Manual poll_rendezvous: hp.is_active() = false
HOST: Calling set_paused(false)
HOST: After manual poll_rendezvous: client._paused = false
HOST: After tick(delta): client._paused = false, client_id = <RefCounted#-9223371995633154551>
HOST: Fresh client _paused = false, fresh_client_id = <RefCounted#-9223371995633154551>
HOST: RendezvousClient paused = false, udp = true, elapsed_sec = 4.560, client_state = 2
HOST: HolePunch state = 0, is_active = false
HOST: Wait loop iteration, go_file exists = false
HOST: _process_p2p called, delta=0.010000
HOST: Before poll_rendezvous: hole_punch state=0, is_active=false
HOST: Manual poll_rendezvous: hp.is_active() = false
HOST: Calling set_paused(false)
HOST: After manual poll_rendezvous: client._paused = false
HOST: After tick(delta): client._paused = false, client_id = <RefCounted#-9223371995633154551>
HOST: Fresh client _paused = false, fresh_client_id = <RefCounted#-9223371995633154551>
HOST: RendezvousClient paused = false, udp = true, elapsed_sec = 4.570, client_state = 2
HOST: HolePunch state = 0, is_active = false
HOST: Wait loop iteration, go_file exists = false
HOST: _process_p2p called, delta=0.010000
HOST: Before poll_rendezvous: hole_punch state=0, is_active=false
HOST: Manual poll_rendezvous: hp.is_active() = false
HOST: Calling set_paused(false)
HOST: After manual poll_rendezvous: client._paused = false
HOST: After tick(delta): client._paused = false, client_id = <RefCounted#-9223371995633154551>
HOST: Fresh client _paused = false, fresh_client_id = <RefCounted#-9223371995633154551>
HOST: RendezvousClient paused = false, udp = true, elapsed_sec = 4.580, client_state = 2
HOST: HolePunch state = 0, is_active = false
HOST: Wait loop iteration, go_file exists = false
HOST: _process_p2p called, delta=0.010000
HOST: Before poll_rendezvous: hole_punch state=0, is_active=false
HOST: Manual poll_rendezvous: hp.is_active() = false
HOST: Calling set_paused(false)
HOST: After manual poll_rendezvous: client._paused = false
HOST: After tick(delta): client._paused = false, client_id = <RefCounted#-9223371995633154551>
HOST: Fresh client _paused = false, fresh_client_id = <RefCounted#-9223371995633154551>
HOST: RendezvousClient paused = false, udp = true, elapsed_sec = 4.590, client_state = 2
HOST: HolePunch state = 0, is_active = false
HOST: Wait loop iteration, go_file exists = false
HOST: _process_p2p called, delta=0.010000
HOST: Before poll_rendezvous: hole_punch state=0, is_active=false
HOST: Manual poll_rendezvous: hp.is_active() = false
HOST: Calling set_paused(false)
HOST: After manual poll_rendezvous: client._paused = false
HOST: After tick(delta): client._paused = false, client_id = <RefCounted#-9223371995633154551>
HOST: Fresh client _paused = false, fresh_client_id = <RefCounted#-9223371995633154551>
HOST: RendezvousClient paused = false, udp = true, elapsed_sec = 4.600, client_state = 2
HOST: HolePunch state = 0, is_active = false
HOST: Wait loop iteration, go_file exists = false
HOST: _process_p2p called, delta=0.010000
HOST: Before poll_rendezvous: hole_punch state=0, is_active=false
HOST: Manual poll_rendezvous: hp.is_active() = false
HOST: Calling set_paused(false)
HOST: After manual poll_rendezvous: client._paused = false
HOST: After tick(delta): client._paused = false, client_id = <RefCounted#-9223371995633154551>
HOST: Fresh client _paused = false, fresh_client_id = <RefCounted#-9223371995633154551>
HOST: RendezvousClient paused = false, udp = true, elapsed_sec = 4.610, client_state = 2
HOST: HolePunch state = 0, is_active = false
HOST: Wait loop iteration, go_file exists = false
HOST: _process_p2p called, delta=0.010000
HOST: Before poll_rendezvous: hole_punch state=0, is_active=false
HOST: Manual poll_rendezvous: hp.is_active() = false
HOST: Calling set_paused(false)
HOST: After manual poll_rendezvous: client._paused = false
HOST: After tick(delta): client._paused = false, client_id = <RefCounted#-9223371995633154551>
HOST: Fresh client _paused = false, fresh_client_id = <RefCounted#-9223371995633154551>
HOST: RendezvousClient paused = false, udp = true, elapsed_sec = 4.620, client_state = 2
HOST: HolePunch state = 0, is_active = false
HOST: Wait loop iteration, go_file exists = false
HOST: _process_p2p called, delta=0.010000
HOST: Before poll_rendezvous: hole_punch state=0, is_active=false
HOST: Manual poll_rendezvous: hp.is_active() = false
HOST: Calling set_paused(false)
HOST: After manual poll_rendezvous: client._paused = false
HOST: After tick(delta): client._paused = false, client_id = <RefCounted#-9223371995633154551>
HOST: Fresh client _paused = false, fresh_client_id = <RefCounted#-9223371995633154551>
HOST: RendezvousClient paused = false, udp = true, elapsed_sec = 4.630, client_state = 2
HOST: HolePunch state = 0, is_active = false
HOST: Wait loop iteration, go_file exists = false
HOST: _process_p2p called, delta=0.010000
HOST: Before poll_rendezvous: hole_punch state=0, is_active=false
HOST: Manual poll_rendezvous: hp.is_active() = false
HOST: Calling set_paused(false)
HOST: After manual poll_rendezvous: client._paused = false
HOST: After tick(delta): client._paused = false, client_id = <RefCounted#-9223371995633154551>
HOST: Fresh client _paused = false, fresh_client_id = <RefCounted#-9223371995633154551>
HOST: RendezvousClient paused = false, udp = true, elapsed_sec = 4.640, client_state = 2
HOST: HolePunch state = 0, is_active = false
HOST: Wait loop iteration, go_file exists = false
HOST: _process_p2p called, delta=0.010000
HOST: Before poll_rendezvous: hole_punch state=0, is_active=false
HOST: Manual poll_rendezvous: hp.is_active() = false
HOST: Calling set_paused(false)
HOST: After manual poll_rendezvous: client._paused = false
HOST: After tick(delta): client._paused = false, client_id = <RefCounted#-9223371995633154551>
HOST: Fresh client _paused = false, fresh_client_id = <RefCounted#-9223371995633154551>
HOST: RendezvousClient paused = false, udp = true, elapsed_sec = 4.650, client_state = 2
HOST: HolePunch state = 0, is_active = false
HOST: Wait loop iteration, go_file exists = false
HOST: _process_p2p called, delta=0.010000
HOST: Before poll_rendezvous: hole_punch state=0, is_active=false
HOST: Manual poll_rendezvous: hp.is_active() = false
HOST: Calling set_paused(false)
HOST: After manual poll_rendezvous: client._paused = false
HOST: After tick(delta): client._paused = false, client_id = <RefCounted#-9223371995633154551>
HOST: Fresh client _paused = false, fresh_client_id = <RefCounted#-9223371995633154551>
HOST: RendezvousClient paused = false, udp = true, elapsed_sec = 4.660, client_state = 2
HOST: HolePunch state = 0, is_active = false
HOST: Wait loop iteration, go_file exists = false
HOST: _process_p2p called, delta=0.010000
HOST: Before poll_rendezvous: hole_punch state=0, is_active=false
HOST: Manual poll_rendezvous: hp.is_active() = false
HOST: Calling set_paused(false)
HOST: After manual poll_rendezvous: client._paused = false
HOST: After tick(delta): client._paused = false, client_id = <RefCounted#-9223371995633154551>
HOST: Fresh client _paused = false, fresh_client_id = <RefCounted#-9223371995633154551>
HOST: RendezvousClient paused = false, udp = true, elapsed_sec = 4.670, client_state = 2
HOST: HolePunch state = 0, is_active = false
HOST: Wait loop iteration, go_file exists = false
HOST: _process_p2p called, delta=0.010000
HOST: Before poll_rendezvous: hole_punch state=0, is_active=false
HOST: Manual poll_rendezvous: hp.is_active() = false
HOST: Calling set_paused(false)
HOST: After manual poll_rendezvous: client._paused = false
HOST: After tick(delta): client._paused = false, client_id = <RefCounted#-9223371995633154551>
HOST: Fresh client _paused = false, fresh_client_id = <RefCounted#-9223371995633154551>
HOST: RendezvousClient paused = false, udp = true, elapsed_sec = 4.680, client_state = 2
HOST: HolePunch state = 0, is_active = false
HOST: Wait loop iteration, go_file exists = false
HOST: _process_p2p called, delta=0.010000
HOST: Before poll_rendezvous: hole_punch state=0, is_active=false
HOST: Manual poll_rendezvous: hp.is_active() = false
HOST: Calling set_paused(false)
HOST: After manual poll_rendezvous: client._paused = false
HOST: After tick(delta): client._paused = false, client_id = <RefCounted#-9223371995633154551>
HOST: Fresh client _paused = false, fresh_client_id = <RefCounted#-9223371995633154551>
HOST: RendezvousClient paused = false, udp = true, elapsed_sec = 4.690, client_state = 2
HOST: HolePunch state = 0, is_active = false
HOST: Wait loop iteration, go_file exists = false
HOST: _process_p2p called, delta=0.010000
HOST: Before poll_rendezvous: hole_punch state=0, is_active=false
HOST: Manual poll_rendezvous: hp.is_active() = false
HOST: Calling set_paused(false)
HOST: After manual poll_rendezvous: client._paused = false
HOST: After tick(delta): client._paused = false, client_id = <RefCounted#-9223371995633154551>
HOST: Fresh client _paused = false, fresh_client_id = <RefCounted#-9223371995633154551>
HOST: RendezvousClient paused = false, udp = true, elapsed_sec = 4.700, client_state = 2
HOST: HolePunch state = 0, is_active = false
HOST: Wait loop iteration, go_file exists = false
HOST: _process_p2p called, delta=0.010000
HOST: Before poll_rendezvous: hole_punch state=0, is_active=false
HOST: Manual poll_rendezvous: hp.is_active() = false
HOST: Calling set_paused(false)
HOST: After manual poll_rendezvous: client._paused = false
HOST: After tick(delta): client._paused = false, client_id = <RefCounted#-9223371995633154551>
HOST: Fresh client _paused = false, fresh_client_id = <RefCounted#-9223371995633154551>
HOST: RendezvousClient paused = false, udp = true, elapsed_sec = 4.710, client_state = 2
HOST: HolePunch state = 0, is_active = false
HOST: Wait loop iteration, go_file exists = false
HOST: _process_p2p called, delta=0.010000
HOST: Before poll_rendezvous: hole_punch state=0, is_active=false
HOST: Manual poll_rendezvous: hp.is_active() = false
HOST: Calling set_paused(false)
HOST: After manual poll_rendezvous: client._paused = false
HOST: After tick(delta): client._paused = false, client_id = <RefCounted#-9223371995633154551>
HOST: Fresh client _paused = false, fresh_client_id = <RefCounted#-9223371995633154551>
HOST: RendezvousClient paused = false, udp = true, elapsed_sec = 4.720, client_state = 2
HOST: HolePunch state = 0, is_active = false
HOST: Wait loop iteration, go_file exists = false
HOST: _process_p2p called, delta=0.010000
HOST: Before poll_rendezvous: hole_punch state=0, is_active=false
HOST: Manual poll_rendezvous: hp.is_active() = false
HOST: Calling set_paused(false)
HOST: After manual poll_rendezvous: client._paused = false
HOST: After tick(delta): client._paused = false, client_id = <RefCounted#-9223371995633154551>
HOST: Fresh client _paused = false, fresh_client_id = <RefCounted#-9223371995633154551>
HOST: RendezvousClient paused = false, udp = true, elapsed_sec = 4.730, client_state = 2
HOST: HolePunch state = 0, is_active = false
HOST: Wait loop iteration, go_file exists = false
HOST: _process_p2p called, delta=0.010000
HOST: Before poll_rendezvous: hole_punch state=0, is_active=false
HOST: Manual poll_rendezvous: hp.is_active() = false
HOST: Calling set_paused(false)
HOST: After manual poll_rendezvous: client._paused = false
HOST: After tick(delta): client._paused = false, client_id = <RefCounted#-9223371995633154551>
HOST: Fresh client _paused = false, fresh_client_id = <RefCounted#-9223371995633154551>
HOST: RendezvousClient paused = false, udp = true, elapsed_sec = 4.740, client_state = 2
HOST: HolePunch state = 0, is_active = false
HOST: Wait loop iteration, go_file exists = false
HOST: _process_p2p called, delta=0.010000
HOST: Before poll_rendezvous: hole_punch state=0, is_active=false
HOST: Manual poll_rendezvous: hp.is_active() = false
HOST: Calling set_paused(false)
HOST: After manual poll_rendezvous: client._paused = false
HOST: After tick(delta): client._paused = false, client_id = <RefCounted#-9223371995633154551>
HOST: Fresh client _paused = false, fresh_client_id = <RefCounted#-9223371995633154551>
HOST: RendezvousClient paused = false, udp = true, elapsed_sec = 4.750, client_state = 2
HOST: HolePunch state = 0, is_active = false
HOST: Wait loop iteration, go_file exists = false
HOST: _process_p2p called, delta=0.010000
HOST: Before poll_rendezvous: hole_punch state=0, is_active=false
HOST: Manual poll_rendezvous: hp.is_active() = false
HOST: Calling set_paused(false)
HOST: After manual poll_rendezvous: client._paused = false
HOST: After tick(delta): client._paused = false, client_id = <RefCounted#-9223371995633154551>
HOST: Fresh client _paused = false, fresh_client_id = <RefCounted#-9223371995633154551>
HOST: RendezvousClient paused = false, udp = true, elapsed_sec = 4.760, client_state = 2
HOST: HolePunch state = 0, is_active = false
HOST: Wait loop iteration, go_file exists = false
HOST: _process_p2p called, delta=0.010000
HOST: Before poll_rendezvous: hole_punch state=0, is_active=false
HOST: Manual poll_rendezvous: hp.is_active() = false
HOST: Calling set_paused(false)
HOST: After manual poll_rendezvous: client._paused = false
HOST: After tick(delta): client._paused = false, client_id = <RefCounted#-9223371995633154551>
HOST: Fresh client _paused = false, fresh_client_id = <RefCounted#-9223371995633154551>
HOST: RendezvousClient paused = false, udp = true, elapsed_sec = 4.770, client_state = 2
HOST: HolePunch state = 0, is_active = false
HOST: Wait loop iteration, go_file exists = false
HOST: _process_p2p called, delta=0.010000
HOST: Before poll_rendezvous: hole_punch state=0, is_active=false
HOST: Manual poll_rendezvous: hp.is_active() = false
HOST: Calling set_paused(false)
HOST: After manual poll_rendezvous: client._paused = false
HOST: After tick(delta): client._paused = false, client_id = <RefCounted#-9223371995633154551>
HOST: Fresh client _paused = false, fresh_client_id = <RefCounted#-9223371995633154551>
HOST: RendezvousClient paused = false, udp = true, elapsed_sec = 4.780, client_state = 2
HOST: HolePunch state = 0, is_active = false
HOST: Wait loop iteration, go_file exists = false
HOST: _process_p2p called, delta=0.010000
HOST: Before poll_rendezvous: hole_punch state=0, is_active=false
HOST: Manual poll_rendezvous: hp.is_active() = false
HOST: Calling set_paused(false)
HOST: After manual poll_rendezvous: client._paused = false
HOST: After tick(delta): client._paused = false, client_id = <RefCounted#-9223371995633154551>
HOST: Fresh client _paused = false, fresh_client_id = <RefCounted#-9223371995633154551>
HOST: RendezvousClient paused = false, udp = true, elapsed_sec = 4.790, client_state = 2
HOST: HolePunch state = 0, is_active = false
HOST: Wait loop iteration, go_file exists = false
HOST: _process_p2p called, delta=0.010000
HOST: Before poll_rendezvous: hole_punch state=0, is_active=false
HOST: Manual poll_rendezvous: hp.is_active() = false
HOST: Calling set_paused(false)
HOST: After manual poll_rendezvous: client._paused = false
HOST: After tick(delta): client._paused = false, client_id = <RefCounted#-9223371995633154551>
HOST: Fresh client _paused = false, fresh_client_id = <RefCounted#-9223371995633154551>
HOST: RendezvousClient paused = false, udp = true, elapsed_sec = 4.800, client_state = 2
HOST: HolePunch state = 0, is_active = false
HOST: Wait loop iteration, go_file exists = false
HOST: _process_p2p called, delta=0.010000
HOST: Before poll_rendezvous: hole_punch state=0, is_active=false
HOST: Manual poll_rendezvous: hp.is_active() = false
HOST: Calling set_paused(false)
HOST: After manual poll_rendezvous: client._paused = false
HOST: After tick(delta): client._paused = false, client_id = <RefCounted#-9223371995633154551>
HOST: Fresh client _paused = false, fresh_client_id = <RefCounted#-9223371995633154551>
HOST: RendezvousClient paused = false, udp = true, elapsed_sec = 4.810, client_state = 2
HOST: HolePunch state = 0, is_active = false
HOST: Wait loop iteration, go_file exists = false
HOST: _process_p2p called, delta=0.010000
HOST: Before poll_rendezvous: hole_punch state=0, is_active=false
HOST: Manual poll_rendezvous: hp.is_active() = false
HOST: Calling set_paused(false)
HOST: After manual poll_rendezvous: client._paused = false
HOST: After tick(delta): client._paused = false, client_id = <RefCounted#-9223371995633154551>
HOST: Fresh client _paused = false, fresh_client_id = <RefCounted#-9223371995633154551>
HOST: RendezvousClient paused = false, udp = true, elapsed_sec = 4.820, client_state = 2
HOST: HolePunch state = 0, is_active = false
HOST: Wait loop iteration, go_file exists = false
HOST: _process_p2p called, delta=0.010000
HOST: Before poll_rendezvous: hole_punch state=0, is_active=false
HOST: Manual poll_rendezvous: hp.is_active() = false
HOST: Calling set_paused(false)
HOST: After manual poll_rendezvous: client._paused = false
HOST: After tick(delta): client._paused = false, client_id = <RefCounted#-9223371995633154551>
HOST: Fresh client _paused = false, fresh_client_id = <RefCounted#-9223371995633154551>
HOST: RendezvousClient paused = false, udp = true, elapsed_sec = 4.830, client_state = 2
HOST: HolePunch state = 0, is_active = false
HOST: Wait loop iteration, go_file exists = false
HOST: _process_p2p called, delta=0.010000
HOST: Before poll_rendezvous: hole_punch state=0, is_active=false
HOST: Manual poll_rendezvous: hp.is_active() = false
HOST: Calling set_paused(false)
HOST: After manual poll_rendezvous: client._paused = false
HOST: After tick(delta): client._paused = false, client_id = <RefCounted#-9223371995633154551>
HOST: Fresh client _paused = false, fresh_client_id = <RefCounted#-9223371995633154551>
HOST: RendezvousClient paused = false, udp = true, elapsed_sec = 4.840, client_state = 2
HOST: HolePunch state = 0, is_active = false
HOST: Wait loop iteration, go_file exists = false
HOST: _process_p2p called, delta=0.010000
HOST: Before poll_rendezvous: hole_punch state=0, is_active=false
HOST: Manual poll_rendezvous: hp.is_active() = false
HOST: Calling set_paused(false)
HOST: After manual poll_rendezvous: client._paused = false
HOST: After tick(delta): client._paused = false, client_id = <RefCounted#-9223371995633154551>
HOST: Fresh client _paused = false, fresh_client_id = <RefCounted#-9223371995633154551>
HOST: RendezvousClient paused = false, udp = true, elapsed_sec = 4.850, client_state = 2
HOST: HolePunch state = 0, is_active = false
HOST: Wait loop iteration, go_file exists = false
HOST: _process_p2p called, delta=0.010000
HOST: Before poll_rendezvous: hole_punch state=0, is_active=false
HOST: Manual poll_rendezvous: hp.is_active() = false
HOST: Calling set_paused(false)
HOST: After manual poll_rendezvous: client._paused = false
HOST: After tick(delta): client._paused = false, client_id = <RefCounted#-9223371995633154551>
HOST: Fresh client _paused = false, fresh_client_id = <RefCounted#-9223371995633154551>
HOST: RendezvousClient paused = false, udp = true, elapsed_sec = 4.860, client_state = 2
HOST: HolePunch state = 0, is_active = false
HOST: Wait loop iteration, go_file exists = false
HOST: _process_p2p called, delta=0.010000
HOST: Before poll_rendezvous: hole_punch state=0, is_active=false
HOST: Manual poll_rendezvous: hp.is_active() = false
HOST: Calling set_paused(false)
HOST: After manual poll_rendezvous: client._paused = false
HOST: After tick(delta): client._paused = false, client_id = <RefCounted#-9223371995633154551>
HOST: Fresh client _paused = false, fresh_client_id = <RefCounted#-9223371995633154551>
HOST: RendezvousClient paused = false, udp = true, elapsed_sec = 4.870, client_state = 2
HOST: HolePunch state = 0, is_active = false
HOST: Wait loop iteration, go_file exists = false
HOST: _process_p2p called, delta=0.010000
HOST: Before poll_rendezvous: hole_punch state=0, is_active=false
HOST: Manual poll_rendezvous: hp.is_active() = false
HOST: Calling set_paused(false)
HOST: After manual poll_rendezvous: client._paused = false
HOST: After tick(delta): client._paused = false, client_id = <RefCounted#-9223371995633154551>
HOST: Fresh client _paused = false, fresh_client_id = <RefCounted#-9223371995633154551>
HOST: RendezvousClient paused = false, udp = true, elapsed_sec = 4.880, client_state = 2
HOST: HolePunch state = 0, is_active = false
HOST: Wait loop iteration, go_file exists = false
HOST: _process_p2p called, delta=0.010000
HOST: Before poll_rendezvous: hole_punch state=0, is_active=false
HOST: Manual poll_rendezvous: hp.is_active() = false
HOST: Calling set_paused(false)
HOST: After manual poll_rendezvous: client._paused = false
HOST: After tick(delta): client._paused = false, client_id = <RefCounted#-9223371995633154551>
HOST: Fresh client _paused = false, fresh_client_id = <RefCounted#-9223371995633154551>
HOST: RendezvousClient paused = false, udp = true, elapsed_sec = 4.890, client_state = 2
HOST: HolePunch state = 0, is_active = false
HOST: Wait loop iteration, go_file exists = false
HOST: _process_p2p called, delta=0.010000
HOST: Before poll_rendezvous: hole_punch state=0, is_active=false
HOST: Manual poll_rendezvous: hp.is_active() = false
HOST: Calling set_paused(false)
HOST: After manual poll_rendezvous: client._paused = false
HOST: After tick(delta): client._paused = false, client_id = <RefCounted#-9223371995633154551>
HOST: Fresh client _paused = false, fresh_client_id = <RefCounted#-9223371995633154551>
HOST: RendezvousClient paused = false, udp = true, elapsed_sec = 4.900, client_state = 2
HOST: HolePunch state = 0, is_active = false
HOST: Wait loop iteration, go_file exists = false
HOST: _process_p2p called, delta=0.010000
HOST: Before poll_rendezvous: hole_punch state=0, is_active=false
HOST: Manual poll_rendezvous: hp.is_active() = false
HOST: Calling set_paused(false)
HOST: After manual poll_rendezvous: client._paused = false
HOST: After tick(delta): client._paused = false, client_id = <RefCounted#-9223371995633154551>
HOST: Fresh client _paused = false, fresh_client_id = <RefCounted#-9223371995633154551>
HOST: RendezvousClient paused = false, udp = true, elapsed_sec = 4.910, client_state = 2
HOST: HolePunch state = 0, is_active = false
HOST: Wait loop iteration, go_file exists = false
HOST: _process_p2p called, delta=0.010000
HOST: Before poll_rendezvous: hole_punch state=0, is_active=false
HOST: Manual poll_rendezvous: hp.is_active() = false
HOST: Calling set_paused(false)
HOST: After manual poll_rendezvous: client._paused = false
HOST: After tick(delta): client._paused = false, client_id = <RefCounted#-9223371995633154551>
HOST: Fresh client _paused = false, fresh_client_id = <RefCounted#-9223371995633154551>
HOST: RendezvousClient paused = false, udp = true, elapsed_sec = 4.920, client_state = 2
HOST: HolePunch state = 0, is_active = false
HOST: Wait loop iteration, go_file exists = false
HOST: _process_p2p called, delta=0.010000
HOST: Before poll_rendezvous: hole_punch state=0, is_active=false
HOST: Manual poll_rendezvous: hp.is_active() = false
HOST: Calling set_paused(false)
HOST: After manual poll_rendezvous: client._paused = false
HOST: After tick(delta): client._paused = false, client_id = <RefCounted#-9223371995633154551>
HOST: Fresh client _paused = false, fresh_client_id = <RefCounted#-9223371995633154551>
HOST: RendezvousClient paused = false, udp = true, elapsed_sec = 4.930, client_state = 2
HOST: HolePunch state = 0, is_active = false
HOST: Wait loop iteration, go_file exists = false
HOST: _process_p2p called, delta=0.010000
HOST: Before poll_rendezvous: hole_punch state=0, is_active=false
HOST: Manual poll_rendezvous: hp.is_active() = false
HOST: Calling set_paused(false)
HOST: After manual poll_rendezvous: client._paused = false
HOST: After tick(delta): client._paused = false, client_id = <RefCounted#-9223371995633154551>
HOST: Fresh client _paused = false, fresh_client_id = <RefCounted#-9223371995633154551>
HOST: RendezvousClient paused = false, udp = true, elapsed_sec = 4.940, client_state = 2
HOST: HolePunch state = 0, is_active = false
HOST: Wait loop iteration, go_file exists = false
HOST: _process_p2p called, delta=0.010000
HOST: Before poll_rendezvous: hole_punch state=0, is_active=false
HOST: Manual poll_rendezvous: hp.is_active() = false
HOST: Calling set_paused(false)
HOST: After manual poll_rendezvous: client._paused = false
HOST: After tick(delta): client._paused = false, client_id = <RefCounted#-9223371995633154551>
HOST: Fresh client _paused = false, fresh_client_id = <RefCounted#-9223371995633154551>
HOST: RendezvousClient paused = false, udp = true, elapsed_sec = 4.950, client_state = 2
HOST: HolePunch state = 0, is_active = false
HOST: Wait loop iteration, go_file exists = false
HOST: _process_p2p called, delta=0.010000
HOST: Before poll_rendezvous: hole_punch state=0, is_active=false
HOST: Manual poll_rendezvous: hp.is_active() = false
HOST: Calling set_paused(false)
HOST: After manual poll_rendezvous: client._paused = false
HOST: After tick(delta): client._paused = false, client_id = <RefCounted#-9223371995633154551>
HOST: Fresh client _paused = false, fresh_client_id = <RefCounted#-9223371995633154551>
HOST: RendezvousClient paused = false, udp = true, elapsed_sec = 4.960, client_state = 2
HOST: HolePunch state = 0, is_active = false
HOST: Wait loop iteration, go_file exists = false
HOST: _process_p2p called, delta=0.010000
HOST: Before poll_rendezvous: hole_punch state=0, is_active=false
HOST: Manual poll_rendezvous: hp.is_active() = false
HOST: Calling set_paused(false)
HOST: After manual poll_rendezvous: client._paused = false
HOST: After tick(delta): client._paused = false, client_id = <RefCounted#-9223371995633154551>
HOST: Fresh client _paused = false, fresh_client_id = <RefCounted#-9223371995633154551>
HOST: RendezvousClient paused = false, udp = true, elapsed_sec = 4.970, client_state = 2
HOST: HolePunch state = 0, is_active = false
HOST: Wait loop iteration, go_file exists = false
HOST: _process_p2p called, delta=0.010000
HOST: Before poll_rendezvous: hole_punch state=0, is_active=false
HOST: Manual poll_rendezvous: hp.is_active() = false
HOST: Calling set_paused(false)
HOST: After manual poll_rendezvous: client._paused = false
HOST: After tick(delta): client._paused = false, client_id = <RefCounted#-9223371995633154551>
HOST: Fresh client _paused = false, fresh_client_id = <RefCounted#-9223371995633154551>
HOST: RendezvousClient paused = false, udp = true, elapsed_sec = 4.980, client_state = 2
HOST: HolePunch state = 0, is_active = false
HOST: Wait loop iteration, go_file exists = false
HOST: _process_p2p called, delta=0.010000
HOST: Before poll_rendezvous: hole_punch state=0, is_active=false
HOST: Manual poll_rendezvous: hp.is_active() = false
HOST: Calling set_paused(false)
HOST: After manual poll_rendezvous: client._paused = false
HOST: After tick(delta): client._paused = false, client_id = <RefCounted#-9223371995633154551>
HOST: Fresh client _paused = false, fresh_client_id = <RefCounted#-9223371995633154551>
HOST: RendezvousClient paused = false, udp = true, elapsed_sec = 4.990, client_state = 2
HOST: HolePunch state = 0, is_active = false
HOST: Wait loop iteration, go_file exists = false
HOST: _process_p2p called, delta=0.010000
HOST: Before poll_rendezvous: hole_punch state=0, is_active=false
HOST: Manual poll_rendezvous: hp.is_active() = false
HOST: Calling set_paused(false)
HOST: After manual poll_rendezvous: client._paused = false
HOST: After tick(delta): client._paused = false, client_id = <RefCounted#-9223371995633154551>
HOST: Fresh client _paused = false, fresh_client_id = <RefCounted#-9223371995633154551>
HOST: RendezvousClient paused = false, udp = true, elapsed_sec = 5.000, client_state = 2
HOST: HolePunch state = 0, is_active = false
HOST: Wait loop iteration, go_file exists = false
HOST: _process_p2p called, delta=0.010000
HOST: Before poll_rendezvous: hole_punch state=0, is_active=false
HOST: Manual poll_rendezvous: hp.is_active() = false
HOST: Calling set_paused(false)
HOST: NetState -> DISCONNECTED
HOST: After manual poll_rendezvous: client._paused = false
HOST: After tick(delta): client._paused = false, client_id = <RefCounted#-9223371995633154551>
SCRIPT ERROR: Invalid access to property or key '_paused' on a base object of type 'Nil'.
   at: _process_p2p (res://tools/e2e/p2p_direct_enet/host.gd:211)
   GDScript backtrace (most recent call first):
       [0] _process_p2p (res://tools/e2e/p2p_direct_enet/host.gd:211)
       [1] _run (res://tools/e2e/p2p_direct_enet/host.gd:49)
HOST: Wait loop iteration, go_file exists = false
HOST: _process_p2p called, delta=0.010000
HOST: Before poll_rendezvous: hole_punch state=0, is_active=false
SCRIPT ERROR: Invalid access to property or key '_paused' on a base object of type 'Nil'.
   at: _process_p2p (res://tools/e2e/p2p_direct_enet/host.gd:207)
   GDScript backtrace (most recent call first):
       [0] _process_p2p (res://tools/e2e/p2p_direct_enet/host.gd:207)
       [1] _run (res://tools/e2e/p2p_direct_enet/host.gd:49)
HOST: Wait loop iteration, go_file exists = false
HOST: _process_p2p called, delta=0.010000
HOST: Before poll_rendezvous: hole_punch state=0, is_active=false
SCRIPT ERROR: Invalid access to property or key '_paused' on a base object of type 'Nil'.
   at: _process_p2p (res://tools/e2e/p2p_direct_enet/host.gd:207)
   GDScript backtrace (most recent call first):
       [0] _process_p2p (res://tools/e2e/p2p_direct_enet/host.gd:207)
       [1] _run (res://tools/e2e/p2p_direct_enet/host.gd:49)
HOST: Wait loop iteration, go_file exists = false
HOST: _process_p2p called, delta=0.010000
HOST: Before poll_rendezvous: hole_punch state=0, is_active=false
SCRIPT ERROR: Invalid access to property or key '_paused' on a base object of type 'Nil'.
   at: _process_p2p (res://tools/e2e/p2p_direct_enet/host.gd:207)
   GDScript backtrace (most recent call first):
       [0] _process_p2p (res://tools/e2e/p2p_direct_enet/host.gd:207)
       [1] _run (res://tools/e2e/p2p_direct_enet/host.gd:49)
HOST: Wait loop iteration, go_file exists = false
HOST: _process_p2p called, delta=0.010000
HOST: Before poll_rendezvous: hole_punch state=0, is_active=false
SCRIPT ERROR: Invalid access to property or key '_paused' on a base object of type 'Nil'.
   at: _process_p2p (res://tools/e2e/p2p_direct_enet/host.gd:207)
   GDScript backtrace (most recent call first):
       [0] _process_p2p (res://tools/e2e/p2p_direct_enet/host.gd:207)
       [1] _run (res://tools/e2e/p2p_direct_enet/host.gd:49)
HOST: Wait loop iteration, go_file exists = false
HOST: _process_p2p called, delta=0.010000
HOST: Before poll_rendezvous: hole_punch state=0, is_active=false
SCRIPT ERROR: Invalid access to property or key '_paused' on a base object of type 'Nil'.
   at: _process_p2p (res://tools/e2e/p2p_direct_enet/host.gd:207)
   GDScript backtrace (most recent call first):
       [0] _process_p2p (res://tools/e2e/p2p_direct_enet/host.gd:207)
       [1] _run (res://tools/e2e/p2p_direct_enet/host.gd:49)
HOST: Wait loop iteration, go_file exists = false
HOST: _process_p2p called, delta=0.010000
HOST: Before poll_rendezvous: hole_punch state=0, is_active=false
SCRIPT ERROR: Invalid access to property or key '_paused' on a base object of type 'Nil'.
   at: _process_p2p (res://tools/e2e/p2p_direct_enet/host.gd:207)
   GDScript backtrace (most recent call first):
       [0] _process_p2p (res://tools/e2e/p2p_direct_enet/host.gd:207)
       [1] _run (res://tools/e2e/p2p_direct_enet/host.gd:49)
HOST: Wait loop iteration, go_file exists = false
HOST: _process_p2p called, delta=0.010000
HOST: Before poll_rendezvous: hole_punch state=0, is_active=false
SCRIPT ERROR: Invalid access to property or key '_paused' on a base object of type 'Nil'.
   at: _process_p2p (res://tools/e2e/p2p_direct_enet/host.gd:207)
   GDScript backtrace (most recent call first):
       [0] _process_p2p (res://tools/e2e/p2p_direct_enet/host.gd:207)
       [1] _run (res://tools/e2e/p2p_direct_enet/host.gd:49)
HOST: Wait loop iteration, go_file exists = false
HOST: _process_p2p called, delta=0.010000
HOST: Before poll_rendezvous: hole_punch state=0, is_active=false
SCRIPT ERROR: Invalid access to property or key '_paused' on a base object of type 'Nil'.
   at: _process_p2p (res://tools/e2e/p2p_direct_enet/host.gd:207)
   GDScript backtrace (most recent call first):
       [0] _process_p2p (res://tools/e2e/p2p_direct_enet/host.gd:207)
       [1] _run (res://tools/e2e/p2p_direct_enet/host.gd:49)
HOST: Wait loop iteration, go_file exists = false
HOST: _process_p2p called, delta=0.010000
HOST: Before poll_rendezvous: hole_punch state=0, is_active=false
SCRIPT ERROR: Invalid access to property or key '_paused' on a base object of type 'Nil'.
   at: _process_p2p (res://tools/e2e/p2p_direct_enet/host.gd:207)
   GDScript backtrace (most recent call first):
       [0] _process_p2p (res://tools/e2e/p2p_direct_enet/host.gd:207)
       [1] _run (res://tools/e2e/p2p_direct_enet/host.gd:49)
HOST: Wait loop iteration, go_file exists = false
HOST: _process_p2p called, delta=0.010000
HOST: Before poll_rendezvous: hole_punch state=0, is_active=false
SCRIPT ERROR: Invalid access to property or key '_paused' on a base object of type 'Nil'.
   at: _process_p2p (res://tools/e2e/p2p_direct_enet/host.gd:207)
   GDScript backtrace (most recent call first):
       [0] _process_p2p (res://tools/e2e/p2p_direct_enet/host.gd:207)
       [1] _run (res://tools/e2e/p2p_direct_enet/host.gd:49)
HOST: Wait loop iteration, go_file exists = false
HOST: _process_p2p called, delta=0.010000
HOST: Before poll_rendezvous: hole_punch state=0, is_active=false
SCRIPT ERROR: Invalid access to property or key '_paused' on a base object of type 'Nil'.
   at: _process_p2p (res://tools/e2e/p2p_direct_enet/host.gd:207)
   GDScript backtrace (most recent call first):
       [0] _process_p2p (res://tools/e2e/p2p_direct_enet/host.gd:207)
       [1] _run (res://tools/e2e/p2p_direct_enet/host.gd:49)
HOST: Wait loop iteration, go_file exists = false
HOST: _process_p2p called, delta=0.010000
HOST: Before poll_rendezvous: hole_punch state=0, is_active=false
SCRIPT ERROR: Invalid access to property or key '_paused' on a base object of type 'Nil'.
   at: _process_p2p (res://tools/e2e/p2p_direct_enet/host.gd:207)
   GDScript backtrace (most recent call first):
       [0] _process_p2p (res://tools/e2e/p2p_direct_enet/host.gd:207)
       [1] _run (res://tools/e2e/p2p_direct_enet/host.gd:49)
HOST: Wait loop iteration, go_file exists = false
HOST: _process_p2p called, delta=0.010000
HOST: Before poll_rendezvous: hole_punch state=0, is_active=false
SCRIPT ERROR: Invalid access to property or key '_paused' on a base object of type 'Nil'.
   at: _process_p2p (res://tools/e2e/p2p_direct_enet/host.gd:207)
   GDScript backtrace (most recent call first):
       [0] _process_p2p (res://tools/e2e/p2p_direct_enet/host.gd:207)
       [1] _run (res://tools/e2e/p2p_direct_enet/host.gd:49)
HOST: Wait loop iteration, go_file exists = false
HOST: _process_p2p called, delta=0.010000
HOST: Before poll_rendezvous: hole_punch state=0, is_active=false
SCRIPT ERROR: Invalid access to property or key '_paused' on a base object of type 'Nil'.
   at: _process_p2p (res://tools/e2e/p2p_direct_enet/host.gd:207)
   GDScript backtrace (most recent call first):
       [0] _process_p2p (res://tools/e2e/p2p_direct_enet/host.gd:207)
       [1] _run (res://tools/e2e/p2p_direct_enet/host.gd:49)
HOST: Wait loop iteration, go_file exists = false
HOST: _process_p2p called, delta=0.010000
HOST: Before poll_rendezvous: hole_punch state=0, is_active=false
SCRIPT ERROR: Invalid access to property or key '_paused' on a base object of type 'Nil'.
   at: _process_p2p (res://tools/e2e/p2p_direct_enet/host.gd:207)
   GDScript backtrace (most recent call first):
       [0] _process_p2p (res://tools/e2e/p2p_direct_enet/host.gd:207)
       [1] _run (res://tools/e2e/p2p_direct_enet/host.gd:49)
HOST: Wait loop iteration, go_file exists = false
HOST: _process_p2p called, delta=0.010000
HOST: Before poll_rendezvous: hole_punch state=0, is_active=false
SCRIPT ERROR: Invalid access to property or key '_paused' on a base object of type 'Nil'.
   at: _process_p2p (res://tools/e2e/p2p_direct_enet/host.gd:207)
   GDScript backtrace (most recent call first):
       [0] _process_p2p (res://tools/e2e/p2p_direct_enet/host.gd:207)
       [1] _run (res://tools/e2e/p2p_direct_enet/host.gd:49)
HOST: Wait loop iteration, go_file exists = false
HOST: _process_p2p called, delta=0.010000
HOST: Before poll_rendezvous: hole_punch state=0, is_active=false
SCRIPT ERROR: Invalid access to property or key '_paused' on a base object of type 'Nil'.
   at: _process_p2p (res://tools/e2e/p2p_direct_enet/host.gd:207)
   GDScript backtrace (most recent call first):
       [0] _process_p2p (res://tools/e2e/p2p_direct_enet/host.gd:207)
       [1] _run (res://tools/e2e/p2p_direct_enet/host.gd:49)
HOST: Wait loop iteration, go_file exists = false
HOST: _process_p2p called, delta=0.010000
HOST: Before poll_rendezvous: hole_punch state=0, is_active=false
SCRIPT ERROR: Invalid access to property or key '_paused' on a base object of type 'Nil'.
   at: _process_p2p (res://tools/e2e/p2p_direct_enet/host.gd:207)
   GDScript backtrace (most recent call first):
       [0] _process_p2p (res://tools/e2e/p2p_direct_enet/host.gd:207)
       [1] _run (res://tools/e2e/p2p_direct_enet/host.gd:49)
HOST: Wait loop iteration, go_file exists = false
HOST: _process_p2p called, delta=0.010000
HOST: Before poll_rendezvous: hole_punch state=0, is_active=false
SCRIPT ERROR: Invalid access to property or key '_paused' on a base object of type 'Nil'.
   at: _process_p2p (res://tools/e2e/p2p_direct_enet/host.gd:207)
   GDScript backtrace (most recent call first):
       [0] _process_p2p (res://tools/e2e/p2p_direct_enet/host.gd:207)
       [1] _run (res://tools/e2e/p2p_direct_enet/host.gd:49)
HOST: Wait loop iteration, go_file exists = false
HOST: _process_p2p called, delta=0.010000
HOST: Before poll_rendezvous: hole_punch state=0, is_active=false
SCRIPT ERROR: Invalid access to property or key '_paused' on a base object of type 'Nil'.
   at: _process_p2p (res://tools/e2e/p2p_direct_enet/host.gd:207)
   GDScript backtrace (most recent call first):
       [0] _process_p2p (res://tools/e2e/p2p_direct_enet/host.gd:207)
       [1] _run (res://tools/e2e/p2p_direct_enet/host.gd:49)
HOST: Wait loop iteration, go_file exists = false
HOST: _process_p2p called, delta=0.010000
HOST: Before poll_rendezvous: hole_punch state=0, is_active=false
SCRIPT ERROR: Invalid access to property or key '_paused' on a base object of type 'Nil'.
   at: _process_p2p (res://tools/e2e/p2p_direct_enet/host.gd:207)
   GDScript backtrace (most recent call first):
       [0] _process_p2p (res://tools/e2e/p2p_direct_enet/host.gd:207)
       [1] _run (res://tools/e2e/p2p_direct_enet/host.gd:49)
HOST: Wait loop iteration, go_file exists = false
HOST: _process_p2p called, delta=0.010000
HOST: Before poll_rendezvous: hole_punch state=0, is_active=false
SCRIPT ERROR: Invalid access to property or key '_paused' on a base object of type 'Nil'.
   at: _process_p2p (res://tools/e2e/p2p_direct_enet/host.gd:207)
   GDScript backtrace (most recent call first):
       [0] _process_p2p (res://tools/e2e/p2p_direct_enet/host.gd:207)
       [1] _run (res://tools/e2e/p2p_direct_enet/host.gd:49)
HOST: Wait loop iteration, go_file exists = false
HOST: _process_p2p called, delta=0.010000
HOST: Before poll_rendezvous: hole_punch state=0, is_active=false
SCRIPT ERROR: Invalid access to property or key '_paused' on a base object of type 'Nil'.
   at: _process_p2p (res://tools/e2e/p2p_direct_enet/host.gd:207)
   GDScript backtrace (most recent call first):
       [0] _process_p2p (res://tools/e2e/p2p_direct_enet/host.gd:207)
       [1] _run (res://tools/e2e/p2p_direct_enet/host.gd:49)
HOST: Wait loop iteration, go_file exists = false
HOST: _process_p2p called, delta=0.010000
HOST: Before poll_rendezvous: hole_punch state=0, is_active=false
SCRIPT ERROR: Invalid access to property or key '_paused' on a base object of type 'Nil'.
   at: _process_p2p (res://tools/e2e/p2p_direct_enet/host.gd:207)
   GDScript backtrace (most recent call first):
       [0] _process_p2p (res://tools/e2e/p2p_direct_enet/host.gd:207)
       [1] _run (res://tools/e2e/p2p_direct_enet/host.gd:49)
HOST: Wait loop iteration, go_file exists = false
HOST: _process_p2p called, delta=0.010000
HOST: Before poll_rendezvous: hole_punch state=0, is_active=false
SCRIPT ERROR: Invalid access to property or key '_paused' on a base object of type 'Nil'.
   at: _process_p2p (res://tools/e2e/p2p_direct_enet/host.gd:207)
   GDScript backtrace (most recent call first):
       [0] _process_p2p (res://tools/e2e/p2p_direct_enet/host.gd:207)
       [1] _run (res://tools/e2e/p2p_direct_enet/host.gd:49)
HOST: Wait loop iteration, go_file exists = false
HOST: _process_p2p called, delta=0.010000
HOST: Before poll_rendezvous: hole_punch state=0, is_active=false
SCRIPT ERROR: Invalid access to property or key '_paused' on a base object of type 'Nil'.
   at: _process_p2p (res://tools/e2e/p2p_direct_enet/host.gd:207)
   GDScript backtrace (most recent call first):
       [0] _process_p2p (res://tools/e2e/p2p_direct_enet/host.gd:207)
       [1] _run (res://tools/e2e/p2p_direct_enet/host.gd:49)
HOST: Wait loop iteration, go_file exists = false
HOST: _process_p2p called, delta=0.010000
HOST: Before poll_rendezvous: hole_punch state=0, is_active=false
SCRIPT ERROR: Invalid access to property or key '_paused' on a base object of type 'Nil'.
   at: _process_p2p (res://tools/e2e/p2p_direct_enet/host.gd:207)
   GDScript backtrace (most recent call first):
       [0] _process_p2p (res://tools/e2e/p2p_direct_enet/host.gd:207)
       [1] _run (res://tools/e2e/p2p_direct_enet/host.gd:49)
HOST: Wait loop iteration, go_file exists = false
HOST: _process_p2p called, delta=0.010000
HOST: Before poll_rendezvous: hole_punch state=0, is_active=false
SCRIPT ERROR: Invalid access to property or key '_paused' on a base object of type 'Nil'.
   at: _process_p2p (res://tools/e2e/p2p_direct_enet/host.gd:207)
   GDScript backtrace (most recent call first):
       [0] _process_p2p (res://tools/e2e/p2p_direct_enet/host.gd:207)
       [1] _run (res://tools/e2e/p2p_direct_enet/host.gd:49)
HOST: Wait loop iteration, go_file exists = false
HOST: _process_p2p called, delta=0.010000
HOST: Before poll_rendezvous: hole_punch state=0, is_active=false
SCRIPT ERROR: Invalid access to property or key '_paused' on a base object of type 'Nil'.
   at: _process_p2p (res://tools/e2e/p2p_direct_enet/host.gd:207)
   GDScript backtrace (most recent call first):
       [0] _process_p2p (res://tools/e2e/p2p_direct_enet/host.gd:207)
       [1] _run (res://tools/e2e/p2p_direct_enet/host.gd:49)
HOST: Wait loop iteration, go_file exists = false
HOST: _process_p2p called, delta=0.010000
HOST: Before poll_rendezvous: hole_punch state=0, is_active=false
SCRIPT ERROR: Invalid access to property or key '_paused' on a base object of type 'Nil'.
   at: _process_p2p (res://tools/e2e/p2p_direct_enet/host.gd:207)
   GDScript backtrace (most recent call first):
       [0] _process_p2p (res://tools/e2e/p2p_direct_enet/host.gd:207)
       [1] _run (res://tools/e2e/p2p_direct_enet/host.gd:49)
HOST: Wait loop iteration, go_file exists = false
HOST: _process_p2p called, delta=0.010000
HOST: Before poll_rendezvous: hole_punch state=0, is_active=false
SCRIPT ERROR: Invalid access to property or key '_paused' on a base object of type 'Nil'.
   at: _process_p2p (res://tools/e2e/p2p_direct_enet/host.gd:207)
   GDScript backtrace (most recent call first):
       [0] _process_p2p (res://tools/e2e/p2p_direct_enet/host.gd:207)
       [1] _run (res://tools/e2e/p2p_direct_enet/host.gd:49)
HOST: Wait loop iteration, go_file exists = false
HOST: _process_p2p called, delta=0.010000
HOST: Before poll_rendezvous: hole_punch state=0, is_active=false
SCRIPT ERROR: Invalid access to property or key '_paused' on a base object of type 'Nil'.
   at: _process_p2p (res://tools/e2e/p2p_direct_enet/host.gd:207)
   GDScript backtrace (most recent call first):
       [0] _process_p2p (res://tools/e2e/p2p_direct_enet/host.gd:207)
       [1] _run (res://tools/e2e/p2p_direct_enet/host.gd:49)
HOST: Wait loop iteration, go_file exists = false
HOST: _process_p2p called, delta=0.010000
HOST: Before poll_rendezvous: hole_punch state=0, is_active=false
SCRIPT ERROR: Invalid access to property or key '_paused' on a base object of type 'Nil'.
   at: _process_p2p (res://tools/e2e/p2p_direct_enet/host.gd:207)
   GDScript backtrace (most recent call first):
       [0] _process_p2p (res://tools/e2e/p2p_direct_enet/host.gd:207)
       [1] _run (res://tools/e2e/p2p_direct_enet/host.gd:49)
HOST: Wait loop iteration, go_file exists = false
HOST: _process_p2p called, delta=0.010000
HOST: Before poll_rendezvous: hole_punch state=0, is_active=false
SCRIPT ERROR: Invalid access to property or key '_paused' on a base object of type 'Nil'.
   at: _process_p2p (res://tools/e2e/p2p_direct_enet/host.gd:207)
   GDScript backtrace (most recent call first):
       [0] _process_p2p (res://tools/e2e/p2p_direct_enet/host.gd:207)
       [1] _run (res://tools/e2e/p2p_direct_enet/host.gd:49)
HOST: Wait loop iteration, go_file exists = false
HOST: _process_p2p called, delta=0.010000
HOST: Before poll_rendezvous: hole_punch state=0, is_active=false
SCRIPT ERROR: Invalid access to property or key '_paused' on a base object of type 'Nil'.
   at: _process_p2p (res://tools/e2e/p2p_direct_enet/host.gd:207)
   GDScript backtrace (most recent call first):
       [0] _process_p2p (res://tools/e2e/p2p_direct_enet/host.gd:207)
       [1] _run (res://tools/e2e/p2p_direct_enet/host.gd:49)
HOST: Wait loop iteration, go_file exists = false
HOST: _process_p2p called, delta=0.010000
HOST: Before poll_rendezvous: hole_punch state=0, is_active=false
SCRIPT ERROR: Invalid access to property or key '_paused' on a base object of type 'Nil'.
   at: _process_p2p (res://tools/e2e/p2p_direct_enet/host.gd:207)
   GDScript backtrace (most recent call first):
       [0] _process_p2p (res://tools/e2e/p2p_direct_enet/host.gd:207)
       [1] _run (res://tools/e2e/p2p_direct_enet/host.gd:49)
HOST: Wait loop iteration, go_file exists = false
HOST: _process_p2p called, delta=0.010000
HOST: Before poll_rendezvous: hole_punch state=0, is_active=false
SCRIPT ERROR: Invalid access to property or key '_paused' on a base object of type 'Nil'.
   at: _process_p2p (res://tools/e2e/p2p_direct_enet/host.gd:207)
   GDScript backtrace (most recent call first):
       [0] _process_p2p (res://tools/e2e/p2p_direct_enet/host.gd:207)
       [1] _run (res://tools/e2e/p2p_direct_enet/host.gd:49)
HOST: Wait loop iteration, go_file exists = false
HOST: _process_p2p called, delta=0.010000
HOST: Before poll_rendezvous: hole_punch state=0, is_active=false
SCRIPT ERROR: Invalid access to property or key '_paused' on a base object of type 'Nil'.
   at: _process_p2p (res://tools/e2e/p2p_direct_enet/host.gd:207)
   GDScript backtrace (most recent call first):
       [0] _process_p2p (res://tools/e2e/p2p_direct_enet/host.gd:207)
       [1] _run (res://tools/e2e/p2p_direct_enet/host.gd:49)
HOST: Wait loop iteration, go_file exists = false
HOST: _process_p2p called, delta=0.010000
HOST: Before poll_rendezvous: hole_punch state=0, is_active=false
SCRIPT ERROR: Invalid access to property or key '_paused' on a base object of type 'Nil'.
   at: _process_p2p (res://tools/e2e/p2p_direct_enet/host.gd:207)
   GDScript backtrace (most recent call first):
       [0] _process_p2p (res://tools/e2e/p2p_direct_enet/host.gd:207)
       [1] _run (res://tools/e2e/p2p_direct_enet/host.gd:49)
HOST: Wait loop iteration, go_file exists = false
HOST: _process_p2p called, delta=0.010000
HOST: Before poll_rendezvous: hole_punch state=0, is_active=false
SCRIPT ERROR: Invalid access to property or key '_paused' on a base object of type 'Nil'.
   at: _process_p2p (res://tools/e2e/p2p_direct_enet/host.gd:207)
   GDScript backtrace (most recent call first):
       [0] _process_p2p (res://tools/e2e/p2p_direct_enet/host.gd:207)
       [1] _run (res://tools/e2e/p2p_direct_enet/host.gd:49)
HOST: Wait loop iteration, go_file exists = false
HOST: _process_p2p called, delta=0.010000
HOST: Before poll_rendezvous: hole_punch state=0, is_active=false
SCRIPT ERROR: Invalid access to property or key '_paused' on a base object of type 'Nil'.
   at: _process_p2p (res://tools/e2e/p2p_direct_enet/host.gd:207)
   GDScript backtrace (most recent call first):
       [0] _process_p2p (res://tools/e2e/p2p_direct_enet/host.gd:207)
       [1] _run (res://tools/e2e/p2p_direct_enet/host.gd:49)
HOST: Wait loop iteration, go_file exists = false
HOST: _process_p2p called, delta=0.010000
HOST: Before poll_rendezvous: hole_punch state=0, is_active=false
SCRIPT ERROR: Invalid access to property or key '_paused' on a base object of type 'Nil'.
   at: _process_p2p (res://tools/e2e/p2p_direct_enet/host.gd:207)
   GDScript backtrace (most recent call first):
       [0] _process_p2p (res://tools/e2e/p2p_direct_enet/host.gd:207)
       [1] _run (res://tools/e2e/p2p_direct_enet/host.gd:49)
HOST: Wait loop iteration, go_file exists = false
HOST: _process_p2p called, delta=0.010000
HOST: Before poll_rendezvous: hole_punch state=0, is_active=false
SCRIPT ERROR: Invalid access to property or key '_paused' on a base object of type 'Nil'.
   at: _process_p2p (res://tools/e2e/p2p_direct_enet/host.gd:207)
   GDScript backtrace (most recent call first):
       [0] _process_p2p (res://tools/e2e/p2p_direct_enet/host.gd:207)
       [1] _run (res://tools/e2e/p2p_direct_enet/host.gd:49)
HOST: Wait loop iteration, go_file exists = false
HOST: _process_p2p called, delta=0.010000
HOST: Before poll_rendezvous: hole_punch state=0, is_active=false
SCRIPT ERROR: Invalid access to property or key '_paused' on a base object of type 'Nil'.
   at: _process_p2p (res://tools/e2e/p2p_direct_enet/host.gd:207)
   GDScript backtrace (most recent call first):
       [0] _process_p2p (res://tools/e2e/p2p_direct_enet/host.gd:207)
       [1] _run (res://tools/e2e/p2p_direct_enet/host.gd:49)
HOST: Wait loop iteration, go_file exists = false
HOST: _process_p2p called, delta=0.010000
HOST: Before poll_rendezvous: hole_punch state=0, is_active=false
SCRIPT ERROR: Invalid access to property or key '_paused' on a base object of type 'Nil'.
   at: _process_p2p (res://tools/e2e/p2p_direct_enet/host.gd:207)
   GDScript backtrace (most recent call first):
       [0] _process_p2p (res://tools/e2e/p2p_direct_enet/host.gd:207)
       [1] _run (res://tools/e2e/p2p_direct_enet/host.gd:49)
HOST: Wait loop iteration, go_file exists = false
HOST: _process_p2p called, delta=0.010000
HOST: Before poll_rendezvous: hole_punch state=0, is_active=false
SCRIPT ERROR: Invalid access to property or key '_paused' on a base object of type 'Nil'.
   at: _process_p2p (res://tools/e2e/p2p_direct_enet/host.gd:207)
   GDScript backtrace (most recent call first):
       [0] _process_p2p (res://tools/e2e/p2p_direct_enet/host.gd:207)
       [1] _run (res://tools/e2e/p2p_direct_enet/host.gd:49)
HOST: Wait loop iteration, go_file exists = false
HOST: _process_p2p called, delta=0.010000
HOST: Before poll_rendezvous: hole_punch state=0, is_active=false
SCRIPT ERROR: Invalid access to property or key '_paused' on a base object of type 'Nil'.
   at: _process_p2p (res://tools/e2e/p2p_direct_enet/host.gd:207)
   GDScript backtrace (most recent call first):
       [0] _process_p2p (res://tools/e2e/p2p_direct_enet/host.gd:207)
       [1] _run (res://tools/e2e/p2p_direct_enet/host.gd:49)
HOST: Wait loop iteration, go_file exists = false
HOST: _process_p2p called, delta=0.010000
HOST: Before poll_rendezvous: hole_punch state=0, is_active=false
SCRIPT ERROR: Invalid access to property or key '_paused' on a base object of type 'Nil'.
   at: _process_p2p (res://tools/e2e/p2p_direct_enet/host.gd:207)
   GDScript backtrace (most recent call first):
       [0] _process_p2p (res://tools/e2e/p2p_direct_enet/host.gd:207)
       [1] _run (res://tools/e2e/p2p_direct_enet/host.gd:49)
HOST: Wait loop iteration, go_file exists = false
HOST: _process_p2p called, delta=0.010000
HOST: Before poll_rendezvous: hole_punch state=0, is_active=false
SCRIPT ERROR: Invalid access to property or key '_paused' on a base object of type 'Nil'.
   at: _process_p2p (res://tools/e2e/p2p_direct_enet/host.gd:207)
   GDScript backtrace (most recent call first):
       [0] _process_p2p (res://tools/e2e/p2p_direct_enet/host.gd:207)
       [1] _run (res://tools/e2e/p2p_direct_enet/host.gd:49)
HOST: Wait loop iteration, go_file exists = false
HOST: _process_p2p called, delta=0.010000
HOST: Before poll_rendezvous: hole_punch state=0, is_active=false
SCRIPT ERROR: Invalid access to property or key '_paused' on a base object of type 'Nil'.
   at: _process_p2p (res://tools/e2e/p2p_direct_enet/host.gd:207)
   GDScript backtrace (most recent call first):
       [0] _process_p2p (res://tools/e2e/p2p_direct_enet/host.gd:207)
       [1] _run (res://tools/e2e/p2p_direct_enet/host.gd:49)
HOST: Wait loop iteration, go_file exists = false
HOST: _process_p2p called, delta=0.010000
HOST: Before poll_rendezvous: hole_punch state=0, is_active=false
SCRIPT ERROR: Invalid access to property or key '_paused' on a base object of type 'Nil'.
   at: _process_p2p (res://tools/e2e/p2p_direct_enet/host.gd:207)
   GDScript backtrace (most recent call first):
       [0] _process_p2p (res://tools/e2e/p2p_direct_enet/host.gd:207)
       [1] _run (res://tools/e2e/p2p_direct_enet/host.gd:49)
HOST: Wait loop iteration, go_file exists = false
HOST: _process_p2p called, delta=0.010000
HOST: Before poll_rendezvous: hole_punch state=0, is_active=false
SCRIPT ERROR: Invalid access to property or key '_paused' on a base object of type 'Nil'.
   at: _process_p2p (res://tools/e2e/p2p_direct_enet/host.gd:207)
   GDScript backtrace (most recent call first):
       [0] _process_p2p (res://tools/e2e/p2p_direct_enet/host.gd:207)
       [1] _run (res://tools/e2e/p2p_direct_enet/host.gd:49)
HOST: Wait loop iteration, go_file exists = false
HOST: _process_p2p called, delta=0.010000
HOST: Before poll_rendezvous: hole_punch state=0, is_active=false
SCRIPT ERROR: Invalid access to property or key '_paused' on a base object of type 'Nil'.
   at: _process_p2p (res://tools/e2e/p2p_direct_enet/host.gd:207)
   GDScript backtrace (most recent call first):
       [0] _process_p2p (res://tools/e2e/p2p_direct_enet/host.gd:207)
       [1] _run (res://tools/e2e/p2p_direct_enet/host.gd:49)
HOST: Wait loop iteration, go_file exists = false
HOST: _process_p2p called, delta=0.010000
HOST: Before poll_rendezvous: hole_punch state=0, is_active=false
SCRIPT ERROR: Invalid access to property or key '_paused' on a base object of type 'Nil'.
   at: _process_p2p (res://tools/e2e/p2p_direct_enet/host.gd:207)
   GDScript backtrace (most recent call first):
       [0] _process_p2p (res://tools/e2e/p2p_direct_enet/host.gd:207)
       [1] _run (res://tools/e2e/p2p_direct_enet/host.gd:49)
HOST: Wait loop iteration, go_file exists = false
HOST: _process_p2p called, delta=0.010000
HOST: Before poll_rendezvous: hole_punch state=0, is_active=false
SCRIPT ERROR: Invalid access to property or key '_paused' on a base object of type 'Nil'.
   at: _process_p2p (res://tools/e2e/p2p_direct_enet/host.gd:207)
   GDScript backtrace (most recent call first):
       [0] _process_p2p (res://tools/e2e/p2p_direct_enet/host.gd:207)
       [1] _run (res://tools/e2e/p2p_direct_enet/host.gd:49)
HOST: Wait loop iteration, go_file exists = false
HOST: _process_p2p called, delta=0.010000
HOST: Before poll_rendezvous: hole_punch state=0, is_active=false
SCRIPT ERROR: Invalid access to property or key '_paused' on a base object of type 'Nil'.
   at: _process_p2p (res://tools/e2e/p2p_direct_enet/host.gd:207)
   GDScript backtrace (most recent call first):
       [0] _process_p2p (res://tools/e2e/p2p_direct_enet/host.gd:207)
       [1] _run (res://tools/e2e/p2p_direct_enet/host.gd:49)
HOST: Wait loop iteration, go_file exists = false
HOST: _process_p2p called, delta=0.010000
HOST: Before poll_rendezvous: hole_punch state=0, is_active=false
SCRIPT ERROR: Invalid access to property or key '_paused' on a base object of type 'Nil'.
   at: _process_p2p (res://tools/e2e/p2p_direct_enet/host.gd:207)
   GDScript backtrace (most recent call first):
       [0] _process_p2p (res://tools/e2e/p2p_direct_enet/host.gd:207)
       [1] _run (res://tools/e2e/p2p_direct_enet/host.gd:49)
HOST: Wait loop iteration, go_file exists = false
HOST: _process_p2p called, delta=0.010000
HOST: Before poll_rendezvous: hole_punch state=0, is_active=false
SCRIPT ERROR: Invalid access to property or key '_paused' on a base object of type 'Nil'.
   at: _process_p2p (res://tools/e2e/p2p_direct_enet/host.gd:207)
   GDScript backtrace (most recent call first):
       [0] _process_p2p (res://tools/e2e/p2p_direct_enet/host.gd:207)
       [1] _run (res://tools/e2e/p2p_direct_enet/host.gd:49)
HOST: Wait loop iteration, go_file exists = false
HOST: _process_p2p called, delta=0.010000
HOST: Before poll_rendezvous: hole_punch state=0, is_active=false
SCRIPT ERROR: Invalid access to property or key '_paused' on a base object of type 'Nil'.
   at: _process_p2p (res://tools/e2e/p2p_direct_enet/host.gd:207)
   GDScript backtrace (most recent call first):
       [0] _process_p2p (res://tools/e2e/p2p_direct_enet/host.gd:207)
       [1] _run (res://tools/e2e/p2p_direct_enet/host.gd:49)
HOST: Wait loop iteration, go_file exists = false
HOST: _process_p2p called, delta=0.010000
HOST: Before poll_rendezvous: hole_punch state=0, is_active=false
SCRIPT ERROR: Invalid access to property or key '_paused' on a base object of type 'Nil'.
   at: _process_p2p (res://tools/e2e/p2p_direct_enet/host.gd:207)
   GDScript backtrace (most recent call first):
       [0] _process_p2p (res://tools/e2e/p2p_direct_enet/host.gd:207)
       [1] _run (res://tools/e2e/p2p_direct_enet/host.gd:49)
HOST: Wait loop iteration, go_file exists = false
HOST: _process_p2p called, delta=0.010000
HOST: Before poll_rendezvous: hole_punch state=0, is_active=false
SCRIPT ERROR: Invalid access to property or key '_paused' on a base object of type 'Nil'.
   at: _process_p2p (res://tools/e2e/p2p_direct_enet/host.gd:207)
   GDScript backtrace (most recent call first):
       [0] _process_p2p (res://tools/e2e/p2p_direct_enet/host.gd:207)
       [1] _run (res://tools/e2e/p2p_direct_enet/host.gd:49)
HOST: Wait loop iteration, go_file exists = false
HOST: _process_p2p called, delta=0.010000
HOST: Before poll_rendezvous: hole_punch state=0, is_active=false
SCRIPT ERROR: Invalid access to property or key '_paused' on a base object of type 'Nil'.
   at: _process_p2p (res://tools/e2e/p2p_direct_enet/host.gd:207)
   GDScript backtrace (most recent call first):
       [0] _process_p2p (res://tools/e2e/p2p_direct_enet/host.gd:207)
       [1] _run (res://tools/e2e/p2p_direct_enet/host.gd:49)
HOST: Wait loop iteration, go_file exists = false
HOST: _process_p2p called, delta=0.010000
HOST: Before poll_rendezvous: hole_punch state=0, is_active=false
SCRIPT ERROR: Invalid access to property or key '_paused' on a base object of type 'Nil'.
   at: _process_p2p (res://tools/e2e/p2p_direct_enet/host.gd:207)
   GDScript backtrace (most recent call first):
       [0] _process_p2p (res://tools/e2e/p2p_direct_enet/host.gd:207)
       [1] _run (res://tools/e2e/p2p_direct_enet/host.gd:49)
HOST: Wait loop iteration, go_file exists = false
HOST: _process_p2p called, delta=0.010000
HOST: Before poll_rendezvous: hole_punch state=0, is_active=false
SCRIPT ERROR: Invalid access to property or key '_paused' on a base object of type 'Nil'.
   at: _process_p2p (res://tools/e2e/p2p_direct_enet/host.gd:207)
   GDScript backtrace (most recent call first):
       [0] _process_p2p (res://tools/e2e/p2p_direct_enet/host.gd:207)
       [1] _run (res://tools/e2e/p2p_direct_enet/host.gd:49)
HOST: Wait loop iteration, go_file exists = false
HOST: _process_p2p called, delta=0.010000
HOST: Before poll_rendezvous: hole_punch state=0, is_active=false
SCRIPT ERROR: Invalid access to property or key '_paused' on a base object of type 'Nil'.
   at: _process_p2p (res://tools/e2e/p2p_direct_enet/host.gd:207)
   GDScript backtrace (most recent call first):
       [0] _process_p2p (res://tools/e2e/p2p_direct_enet/host.gd:207)
       [1] _run (res://tools/e2e/p2p_direct_enet/host.gd:49)
HOST: Wait loop iteration, go_file exists = false
HOST: _process_p2p called, delta=0.010000
HOST: Before poll_rendezvous: hole_punch state=0, is_active=false
SCRIPT ERROR: Invalid access to property or key '_paused' on a base object of type 'Nil'.
   at: _process_p2p (res://tools/e2e/p2p_direct_enet/host.gd:207)
   GDScript backtrace (most recent call first):
       [0] _process_p2p (res://tools/e2e/p2p_direct_enet/host.gd:207)
       [1] _run (res://tools/e2e/p2p_direct_enet/host.gd:49)
HOST: Wait loop iteration, go_file exists = false
HOST: _process_p2p called, delta=0.010000
HOST: Before poll_rendezvous: hole_punch state=0, is_active=false
SCRIPT ERROR: Invalid access to property or key '_paused' on a base object of type 'Nil'.
   at: _process_p2p (res://tools/e2e/p2p_direct_enet/host.gd:207)
   GDScript backtrace (most recent call first):
       [0] _process_p2p (res://tools/e2e/p2p_direct_enet/host.gd:207)
       [1] _run (res://tools/e2e/p2p_direct_enet/host.gd:49)
HOST: Wait loop iteration, go_file exists = false
HOST: _process_p2p called, delta=0.010000
HOST: Before poll_rendezvous: hole_punch state=0, is_active=false
SCRIPT ERROR: Invalid access to property or key '_paused' on a base object of type 'Nil'.
   at: _process_p2p (res://tools/e2e/p2p_direct_enet/host.gd:207)
   GDScript backtrace (most recent call first):
       [0] _process_p2p (res://tools/e2e/p2p_direct_enet/host.gd:207)
       [1] _run (res://tools/e2e/p2p_direct_enet/host.gd:49)
HOST: Wait loop iteration, go_file exists = false
HOST: _process_p2p called, delta=0.010000
HOST: Before poll_rendezvous: hole_punch state=0, is_active=false
SCRIPT ERROR: Invalid access to property or key '_paused' on a base object of type 'Nil'.
   at: _process_p2p (res://tools/e2e/p2p_direct_enet/host.gd:207)
   GDScript backtrace (most recent call first):
       [0] _process_p2p (res://tools/e2e/p2p_direct_enet/host.gd:207)
       [1] _run (res://tools/e2e/p2p_direct_enet/host.gd:49)
HOST: Wait loop iteration, go_file exists = false
HOST: _process_p2p called, delta=0.010000
HOST: Before poll_rendezvous: hole_punch state=0, is_active=false
SCRIPT ERROR: Invalid access to property or key '_paused' on a base object of type 'Nil'.
   at: _process_p2p (res://tools/e2e/p2p_direct_enet/host.gd:207)
   GDScript backtrace (most recent call first):
       [0] _process_p2p (res://tools/e2e/p2p_direct_enet/host.gd:207)
       [1] _run (res://tools/e2e/p2p_direct_enet/host.gd:49)
HOST: Wait loop iteration, go_file exists = false
HOST: _process_p2p called, delta=0.010000
HOST: Before poll_rendezvous: hole_punch state=0, is_active=false
SCRIPT ERROR: Invalid access to property or key '_paused' on a base object of type 'Nil'.
   at: _process_p2p (res://tools/e2e/p2p_direct_enet/host.gd:207)
   GDScript backtrace (most recent call first):
       [0] _process_p2p (res://tools/e2e/p2p_direct_enet/host.gd:207)
       [1] _run (res://tools/e2e/p2p_direct_enet/host.gd:49)
HOST: Wait loop iteration, go_file exists = false
HOST: _process_p2p called, delta=0.010000
HOST: Before poll_rendezvous: hole_punch state=0, is_active=false
SCRIPT ERROR: Invalid access to property or key '_paused' on a base object of type 'Nil'.
   at: _process_p2p (res://tools/e2e/p2p_direct_enet/host.gd:207)
   GDScript backtrace (most recent call first):
       [0] _process_p2p (res://tools/e2e/p2p_direct_enet/host.gd:207)
       [1] _run (res://tools/e2e/p2p_direct_enet/host.gd:49)
HOST: Wait loop iteration, go_file exists = false
HOST: _process_p2p called, delta=0.010000
HOST: Before poll_rendezvous: hole_punch state=0, is_active=false
SCRIPT ERROR: Invalid access to property or key '_paused' on a base object of type 'Nil'.
   at: _process_p2p (res://tools/e2e/p2p_direct_enet/host.gd:207)
   GDScript backtrace (most recent call first):
       [0] _process_p2p (res://tools/e2e/p2p_direct_enet/host.gd:207)
       [1] _run (res://tools/e2e/p2p_direct_enet/host.gd:49)
HOST: Wait loop iteration, go_file exists = false
HOST: _process_p2p called, delta=0.010000
HOST: Before poll_rendezvous: hole_punch state=0, is_active=false
SCRIPT ERROR: Invalid access to property or key '_paused' on a base object of type 'Nil'.
   at: _process_p2p (res://tools/e2e/p2p_direct_enet/host.gd:207)
   GDScript backtrace (most recent call first):
       [0] _process_p2p (res://tools/e2e/p2p_direct_enet/host.gd:207)
       [1] _run (res://tools/e2e/p2p_direct_enet/host.gd:49)
HOST: Wait loop iteration, go_file exists = false
HOST: _process_p2p called, delta=0.010000
HOST: Before poll_rendezvous: hole_punch state=0, is_active=false
SCRIPT ERROR: Invalid access to property or key '_paused' on a base object of type 'Nil'.
   at: _process_p2p (res://tools/e2e/p2p_direct_enet/host.gd:207)
   GDScript backtrace (most recent call first):
       [0] _process_p2p (res://tools/e2e/p2p_direct_enet/host.gd:207)
       [1] _run (res://tools/e2e/p2p_direct_enet/host.gd:49)
HOST: Wait loop iteration, go_file exists = false
HOST: _process_p2p called, delta=0.010000
HOST: Before poll_rendezvous: hole_punch state=0, is_active=false
SCRIPT ERROR: Invalid access to property or key '_paused' on a base object of type 'Nil'.
   at: _process_p2p (res://tools/e2e/p2p_direct_enet/host.gd:207)
   GDScript backtrace (most recent call first):
       [0] _process_p2p (res://tools/e2e/p2p_direct_enet/host.gd:207)
       [1] _run (res://tools/e2e/p2p_direct_enet/host.gd:49)
HOST: Wait loop iteration, go_file exists = false
HOST: _process_p2p called, delta=0.010000
HOST: Before poll_rendezvous: hole_punch state=0, is_active=false
SCRIPT ERROR: Invalid access to property or key '_paused' on a base object of type 'Nil'.
   at: _process_p2p (res://tools/e2e/p2p_direct_enet/host.gd:207)
   GDScript backtrace (most recent call first):
       [0] _process_p2p (res://tools/e2e/p2p_direct_enet/host.gd:207)
       [1] _run (res://tools/e2e/p2p_direct_enet/host.gd:49)
HOST: Wait loop iteration, go_file exists = false
HOST: _process_p2p called, delta=0.010000
HOST: Before poll_rendezvous: hole_punch state=0, is_active=false
SCRIPT ERROR: Invalid access to property or key '_paused' on a base object of type 'Nil'.
   at: _process_p2p (res://tools/e2e/p2p_direct_enet/host.gd:207)
   GDScript backtrace (most recent call first):
       [0] _process_p2p (res://tools/e2e/p2p_direct_enet/host.gd:207)
       [1] _run (res://tools/e2e/p2p_direct_enet/host.gd:49)
HOST: Wait loop iteration, go_file exists = false
HOST: _process_p2p called, delta=0.010000
HOST: Before poll_rendezvous: hole_punch state=0, is_active=false
SCRIPT ERROR: Invalid access to property or key '_paused' on a base object of type 'Nil'.
   at: _process_p2p (res://tools/e2e/p2p_direct_enet/host.gd:207)
   GDScript backtrace (most recent call first):
       [0] _process_p2p (res://tools/e2e/p2p_direct_enet/host.gd:207)
       [1] _run (res://tools/e2e/p2p_direct_enet/host.gd:49)
HOST: Wait loop iteration, go_file exists = false
HOST: _process_p2p called, delta=0.010000
HOST: Before poll_rendezvous: hole_punch state=0, is_active=false
SCRIPT ERROR: Invalid access to property or key '_paused' on a base object of type 'Nil'.
   at: _process_p2p (res://tools/e2e/p2p_direct_enet/host.gd:207)
   GDScript backtrace (most recent call first):
       [0] _process_p2p (res://tools/e2e/p2p_direct_enet/host.gd:207)
       [1] _run (res://tools/e2e/p2p_direct_enet/host.gd:49)
HOST: Wait loop iteration, go_file exists = false
HOST: _process_p2p called, delta=0.010000
HOST: Before poll_rendezvous: hole_punch state=0, is_active=false
SCRIPT ERROR: Invalid access to property or key '_paused' on a base object of type 'Nil'.
   at: _process_p2p (res://tools/e2e/p2p_direct_enet/host.gd:207)
   GDScript backtrace (most recent call first):
       [0] _process_p2p (res://tools/e2e/p2p_direct_enet/host.gd:207)
       [1] _run (res://tools/e2e/p2p_direct_enet/host.gd:49)
HOST: Wait loop iteration, go_file exists = false
HOST: _process_p2p called, delta=0.010000
HOST: Before poll_rendezvous: hole_punch state=0, is_active=false
SCRIPT ERROR: Invalid access to property or key '_paused' on a base object of type 'Nil'.
   at: _process_p2p (res://tools/e2e/p2p_direct_enet/host.gd:207)
   GDScript backtrace (most recent call first):
       [0] _process_p2p (res://tools/e2e/p2p_direct_enet/host.gd:207)
       [1] _run (res://tools/e2e/p2p_direct_enet/host.gd:49)
HOST: Wait loop iteration, go_file exists = false
HOST: _process_p2p called, delta=0.010000
HOST: Before poll_rendezvous: hole_punch state=0, is_active=false
SCRIPT ERROR: Invalid access to property or key '_paused' on a base object of type 'Nil'.
   at: _process_p2p (res://tools/e2e/p2p_direct_enet/host.gd:207)
   GDScript backtrace (most recent call first):
       [0] _process_p2p (res://tools/e2e/p2p_direct_enet/host.gd:207)
       [1] _run (res://tools/e2e/p2p_direct_enet/host.gd:49)
HOST: Wait loop iteration, go_file exists = false
HOST: _process_p2p called, delta=0.010000
HOST: Before poll_rendezvous: hole_punch state=0, is_active=false
SCRIPT ERROR: Invalid access to property or key '_paused' on a base object of type 'Nil'.
   at: _process_p2p (res://tools/e2e/p2p_direct_enet/host.gd:207)
   GDScript backtrace (most recent call first):
       [0] _process_p2p (res://tools/e2e/p2p_direct_enet/host.gd:207)
       [1] _run (res://tools/e2e/p2p_direct_enet/host.gd:49)
HOST: Wait loop iteration, go_file exists = false
HOST: _process_p2p called, delta=0.010000
HOST: Before poll_rendezvous: hole_punch state=0, is_active=false
SCRIPT ERROR: Invalid access to property or key '_paused' on a base object of type 'Nil'.
   at: _process_p2p (res://tools/e2e/p2p_direct_enet/host.gd:207)
   GDScript backtrace (most recent call first):
       [0] _process_p2p (res://tools/e2e/p2p_direct_enet/host.gd:207)
       [1] _run (res://tools/e2e/p2p_direct_enet/host.gd:49)
HOST: Wait loop iteration, go_file exists = false
HOST: _process_p2p called, delta=0.010000
HOST: Before poll_rendezvous: hole_punch state=0, is_active=false
SCRIPT ERROR: Invalid access to property or key '_paused' on a base object of type 'Nil'.
   at: _process_p2p (res://tools/e2e/p2p_direct_enet/host.gd:207)
   GDScript backtrace (most recent call first):
       [0] _process_p2p (res://tools/e2e/p2p_direct_enet/host.gd:207)
       [1] _run (res://tools/e2e/p2p_direct_enet/host.gd:49)
HOST: Wait loop iteration, go_file exists = false
HOST: _process_p2p called, delta=0.010000
HOST: Before poll_rendezvous: hole_punch state=0, is_active=false
SCRIPT ERROR: Invalid access to property or key '_paused' on a base object of type 'Nil'.
   at: _process_p2p (res://tools/e2e/p2p_direct_enet/host.gd:207)
   GDScript backtrace (most recent call first):
       [0] _process_p2p (res://tools/e2e/p2p_direct_enet/host.gd:207)
       [1] _run (res://tools/e2e/p2p_direct_enet/host.gd:49)
HOST: Wait loop iteration, go_file exists = false
HOST: _process_p2p called, delta=0.010000
HOST: Before poll_rendezvous: hole_punch state=0, is_active=false
SCRIPT ERROR: Invalid access to property or key '_paused' on a base object of type 'Nil'.
   at: _process_p2p (res://tools/e2e/p2p_direct_enet/host.gd:207)
   GDScript backtrace (most recent call first):
       [0] _process_p2p (res://tools/e2e/p2p_direct_enet/host.gd:207)
       [1] _run (res://tools/e2e/p2p_direct_enet/host.gd:49)
HOST: Wait loop iteration, go_file exists = false
HOST: _process_p2p called, delta=0.010000
HOST: Before poll_rendezvous: hole_punch state=0, is_active=false
SCRIPT ERROR: Invalid access to property or key '_paused' on a base object of type 'Nil'.
   at: _process_p2p (res://tools/e2e/p2p_direct_enet/host.gd:207)
   GDScript backtrace (most recent call first):
       [0] _process_p2p (res://tools/e2e/p2p_direct_enet/host.gd:207)
       [1] _run (res://tools/e2e/p2p_direct_enet/host.gd:49)
HOST: Wait loop iteration, go_file exists = false
HOST: _process_p2p called, delta=0.010000
HOST: Before poll_rendezvous: hole_punch state=0, is_active=false
SCRIPT ERROR: Invalid access to property or key '_paused' on a base object of type 'Nil'.
   at: _process_p2p (res://tools/e2e/p2p_direct_enet/host.gd:207)
   GDScript backtrace (most recent call first):
       [0] _process_p2p (res://tools/e2e/p2p_direct_enet/host.gd:207)
       [1] _run (res://tools/e2e/p2p_direct_enet/host.gd:49)
HOST: Wait loop iteration, go_file exists = false
HOST: _process_p2p called, delta=0.010000
HOST: Before poll_rendezvous: hole_punch state=0, is_active=false
SCRIPT ERROR: Invalid access to property or key '_paused' on a base object of type 'Nil'.
   at: _process_p2p (res://tools/e2e/p2p_direct_enet/host.gd:207)
   GDScript backtrace (most recent call first):
       [0] _process_p2p (res://tools/e2e/p2p_direct_enet/host.gd:207)
       [1] _run (res://tools/e2e/p2p_direct_enet/host.gd:49)
HOST: Wait loop iteration, go_file exists = false
HOST: _process_p2p called, delta=0.010000
HOST: Before poll_rendezvous: hole_punch state=0, is_active=false
SCRIPT ERROR: Invalid access to property or key '_paused' on a base object of type 'Nil'.
   at: _process_p2p (res://tools/e2e/p2p_direct_enet/host.gd:207)
   GDScript backtrace (most recent call first):
       [0] _process_p2p (res://tools/e2e/p2p_direct_enet/host.gd:207)
       [1] _run (res://tools/e2e/p2p_direct_enet/host.gd:49)
HOST: Wait loop iteration, go_file exists = false
HOST: _process_p2p called, delta=0.010000
HOST: Before poll_rendezvous: hole_punch state=0, is_active=false
SCRIPT ERROR: Invalid access to property or key '_paused' on a base object of type 'Nil'.
   at: _process_p2p (res://tools/e2e/p2p_direct_enet/host.gd:207)
   GDScript backtrace (most recent call first):
       [0] _process_p2p (res://tools/e2e/p2p_direct_enet/host.gd:207)
       [1] _run (res://tools/e2e/p2p_direct_enet/host.gd:49)
HOST: Wait loop iteration, go_file exists = false
HOST: _process_p2p called, delta=0.010000
HOST: Before poll_rendezvous: hole_punch state=0, is_active=false
SCRIPT ERROR: Invalid access to property or key '_paused' on a base object of type 'Nil'.
   at: _process_p2p (res://tools/e2e/p2p_direct_enet/host.gd:207)
   GDScript backtrace (most recent call first):
       [0] _process_p2p (res://tools/e2e/p2p_direct_enet/host.gd:207)
       [1] _run (res://tools/e2e/p2p_direct_enet/host.gd:49)
HOST: Wait loop iteration, go_file exists = false
HOST: _process_p2p called, delta=0.010000
HOST: Before poll_rendezvous: hole_punch state=0, is_active=false
SCRIPT ERROR: Invalid access to property or key '_paused' on a base object of type 'Nil'.
   at: _process_p2p (res://tools/e2e/p2p_direct_enet/host.gd:207)
   GDScript backtrace (most recent call first):
       [0] _process_p2p (res://tools/e2e/p2p_direct_enet/host.gd:207)
       [1] _run (res://tools/e2e/p2p_direct_enet/host.gd:49)
HOST: Wait loop iteration, go_file exists = false
HOST: _process_p2p called, delta=0.010000
HOST: Before poll_rendezvous: hole_punch state=0, is_active=false
SCRIPT ERROR: Invalid access to property or key '_paused' on a base object of type 'Nil'.
   at: _process_p2p (res://tools/e2e/p2p_direct_enet/host.gd:207)
   GDScript backtrace (most recent call first):
       [0] _process_p2p (res://tools/e2e/p2p_direct_enet/host.gd:207)
       [1] _run (res://tools/e2e/p2p_direct_enet/host.gd:49)
HOST: Wait loop iteration, go_file exists = false
HOST: _process_p2p called, delta=0.010000
HOST: Before poll_rendezvous: hole_punch state=0, is_active=false
SCRIPT ERROR: Invalid access to property or key '_paused' on a base object of type 'Nil'.
   at: _process_p2p (res://tools/e2e/p2p_direct_enet/host.gd:207)
   GDScript backtrace (most recent call first):
       [0] _process_p2p (res://tools/e2e/p2p_direct_enet/host.gd:207)
       [1] _run (res://tools/e2e/p2p_direct_enet/host.gd:49)
HOST: Wait loop iteration, go_file exists = false
HOST: _process_p2p called, delta=0.010000
HOST: Before poll_rendezvous: hole_punch state=0, is_active=false
SCRIPT ERROR: Invalid access to property or key '_paused' on a base object of type 'Nil'.
   at: _process_p2p (res://tools/e2e/p2p_direct_enet/host.gd:207)
   GDScript backtrace (most recent call first):
       [0] _process_p2p (res://tools/e2e/p2p_direct_enet/host.gd:207)
       [1] _run (res://tools/e2e/p2p_direct_enet/host.gd:49)
HOST: Wait loop iteration, go_file exists = false
HOST: _process_p2p called, delta=0.010000
HOST: Before poll_rendezvous: hole_punch state=0, is_active=false
SCRIPT ERROR: Invalid access to property or key '_paused' on a base object of type 'Nil'.
   at: _process_p2p (res://tools/e2e/p2p_direct_enet/host.gd:207)
   GDScript backtrace (most recent call first):
       [0] _process_p2p (res://tools/e2e/p2p_direct_enet/host.gd:207)
       [1] _run (res://tools/e2e/p2p_direct_enet/host.gd:49)
HOST: Wait loop iteration, go_file exists = false
HOST: _process_p2p called, delta=0.010000
HOST: Before poll_rendezvous: hole_punch state=0, is_active=false
SCRIPT ERROR: Invalid access to property or key '_paused' on a base object of type 'Nil'.
   at: _process_p2p (res://tools/e2e/p2p_direct_enet/host.gd:207)
   GDScript backtrace (most recent call first):
       [0] _process_p2p (res://tools/e2e/p2p_direct_enet/host.gd:207)
       [1] _run (res://tools/e2e/p2p_direct_enet/host.gd:49)
HOST: Wait loop iteration, go_file exists = false
HOST: _process_p2p called, delta=0.010000
HOST: Before poll_rendezvous: hole_punch state=0, is_active=false
SCRIPT ERROR: Invalid access to property or key '_paused' on a base object of type 'Nil'.
   at: _process_p2p (res://tools/e2e/p2p_direct_enet/host.gd:207)
   GDScript backtrace (most recent call first):
       [0] _process_p2p (res://tools/e2e/p2p_direct_enet/host.gd:207)
       [1] _run (res://tools/e2e/p2p_direct_enet/host.gd:49)
HOST: Wait loop iteration, go_file exists = false
HOST: _process_p2p called, delta=0.010000
HOST: Before poll_rendezvous: hole_punch state=0, is_active=false
SCRIPT ERROR: Invalid access to property or key '_paused' on a base object of type 'Nil'.
   at: _process_p2p (res://tools/e2e/p2p_direct_enet/host.gd:207)
   GDScript backtrace (most recent call first):
       [0] _process_p2p (res://tools/e2e/p2p_direct_enet/host.gd:207)
       [1] _run (res://tools/e2e/p2p_direct_enet/host.gd:49)
HOST: Wait loop iteration, go_file exists = false
HOST: _process_p2p called, delta=0.010000
HOST: Before poll_rendezvous: hole_punch state=0, is_active=false
SCRIPT ERROR: Invalid access to property or key '_paused' on a base object of type 'Nil'.
   at: _process_p2p (res://tools/e2e/p2p_direct_enet/host.gd:207)
   GDScript backtrace (most recent call first):
       [0] _process_p2p (res://tools/e2e/p2p_direct_enet/host.gd:207)
       [1] _run (res://tools/e2e/p2p_direct_enet/host.gd:49)
HOST: Wait loop iteration, go_file exists = false
HOST: _process_p2p called, delta=0.010000
HOST: Before poll_rendezvous: hole_punch state=0, is_active=false
SCRIPT ERROR: Invalid access to property or key '_paused' on a base object of type 'Nil'.
   at: _process_p2p (res://tools/e2e/p2p_direct_enet/host.gd:207)
   GDScript backtrace (most recent call first):
       [0] _process_p2p (res://tools/e2e/p2p_direct_enet/host.gd:207)
       [1] _run (res://tools/e2e/p2p_direct_enet/host.gd:49)
HOST: Wait loop iteration, go_file exists = false
HOST: _process_p2p called, delta=0.010000
HOST: Before poll_rendezvous: hole_punch state=0, is_active=false
SCRIPT ERROR: Invalid access to property or key '_paused' on a base object of type 'Nil'.
   at: _process_p2p (res://tools/e2e/p2p_direct_enet/host.gd:207)
   GDScript backtrace (most recent call first):
       [0] _process_p2p (res://tools/e2e/p2p_direct_enet/host.gd:207)
       [1] _run (res://tools/e2e/p2p_direct_enet/host.gd:49)
HOST: Wait loop iteration, go_file exists = false
HOST: _process_p2p called, delta=0.010000
HOST: Before poll_rendezvous: hole_punch state=0, is_active=false
SCRIPT ERROR: Invalid access to property or key '_paused' on a base object of type 'Nil'.
   at: _process_p2p (res://tools/e2e/p2p_direct_enet/host.gd:207)
   GDScript backtrace (most recent call first):
       [0] _process_p2p (res://tools/e2e/p2p_direct_enet/host.gd:207)
       [1] _run (res://tools/e2e/p2p_direct_enet/host.gd:49)
HOST: Wait loop iteration, go_file exists = false
HOST: _process_p2p called, delta=0.010000
HOST: Before poll_rendezvous: hole_punch state=0, is_active=false
SCRIPT ERROR: Invalid access to property or key '_paused' on a base object of type 'Nil'.
   at: _process_p2p (res://tools/e2e/p2p_direct_enet/host.gd:207)
   GDScript backtrace (most recent call first):
       [0] _process_p2p (res://tools/e2e/p2p_direct_enet/host.gd:207)
       [1] _run (res://tools/e2e/p2p_direct_enet/host.gd:49)
HOST: Wait loop iteration, go_file exists = false
HOST: _process_p2p called, delta=0.010000
HOST: Before poll_rendezvous: hole_punch state=0, is_active=false
SCRIPT ERROR: Invalid access to property or key '_paused' on a base object of type 'Nil'.
   at: _process_p2p (res://tools/e2e/p2p_direct_enet/host.gd:207)
   GDScript backtrace (most recent call first):
       [0] _process_p2p (res://tools/e2e/p2p_direct_enet/host.gd:207)
       [1] _run (res://tools/e2e/p2p_direct_enet/host.gd:49)
HOST: Wait loop iteration, go_file exists = false
HOST: _process_p2p called, delta=0.010000
HOST: Before poll_rendezvous: hole_punch state=0, is_active=false
SCRIPT ERROR: Invalid access to property or key '_paused' on a base object of type 'Nil'.
   at: _process_p2p (res://tools/e2e/p2p_direct_enet/host.gd:207)
   GDScript backtrace (most recent call first):
       [0] _process_p2p (res://tools/e2e/p2p_direct_enet/host.gd:207)
       [1] _run (res://tools/e2e/p2p_direct_enet/host.gd:49)
HOST: Wait loop iteration, go_file exists = false
HOST: _process_p2p called, delta=0.010000
HOST: Before poll_rendezvous: hole_punch state=0, is_active=false
SCRIPT ERROR: Invalid access to property or key '_paused' on a base object of type 'Nil'.
   at: _process_p2p (res://tools/e2e/p2p_direct_enet/host.gd:207)
   GDScript backtrace (most recent call first):
       [0] _process_p2p (res://tools/e2e/p2p_direct_enet/host.gd:207)
       [1] _run (res://tools/e2e/p2p_direct_enet/host.gd:49)
HOST: Wait loop iteration, go_file exists = false
HOST: _process_p2p called, delta=0.010000
HOST: Before poll_rendezvous: hole_punch state=0, is_active=false
SCRIPT ERROR: Invalid access to property or key '_paused' on a base object of type 'Nil'.
   at: _process_p2p (res://tools/e2e/p2p_direct_enet/host.gd:207)
   GDScript backtrace (most recent call first):
       [0] _process_p2p (res://tools/e2e/p2p_direct_enet/host.gd:207)
       [1] _run (res://tools/e2e/p2p_direct_enet/host.gd:49)
HOST: Wait loop iteration, go_file exists = false
HOST: _process_p2p called, delta=0.010000
HOST: Before poll_rendezvous: hole_punch state=0, is_active=false
SCRIPT ERROR: Invalid access to property or key '_paused' on a base object of type 'Nil'.
   at: _process_p2p (res://tools/e2e/p2p_direct_enet/host.gd:207)
   GDScript backtrace (most recent call first):
       [0] _process_p2p (res://tools/e2e/p2p_direct_enet/host.gd:207)
       [1] _run (res://tools/e2e/p2p_direct_enet/host.gd:49)
HOST: Wait loop iteration, go_file exists = false
HOST: _process_p2p called, delta=0.010000
HOST: Before poll_rendezvous: hole_punch state=0, is_active=false
SCRIPT ERROR: Invalid access to property or key '_paused' on a base object of type 'Nil'.
   at: _process_p2p (res://tools/e2e/p2p_direct_enet/host.gd:207)
   GDScript backtrace (most recent call first):
       [0] _process_p2p (res://tools/e2e/p2p_direct_enet/host.gd:207)
       [1] _run (res://tools/e2e/p2p_direct_enet/host.gd:49)
HOST: Wait loop iteration, go_file exists = false
HOST: _process_p2p called, delta=0.010000
HOST: Before poll_rendezvous: hole_punch state=0, is_active=false
SCRIPT ERROR: Invalid access to property or key '_paused' on a base object of type 'Nil'.
   at: _process_p2p (res://tools/e2e/p2p_direct_enet/host.gd:207)
   GDScript backtrace (most recent call first):
       [0] _process_p2p (res://tools/e2e/p2p_direct_enet/host.gd:207)
       [1] _run (res://tools/e2e/p2p_direct_enet/host.gd:49)
HOST: Wait loop iteration, go_file exists = false
HOST: _process_p2p called, delta=0.010000
HOST: Before poll_rendezvous: hole_punch state=0, is_active=false
SCRIPT ERROR: Invalid access to property or key '_paused' on a base object of type 'Nil'.
   at: _process_p2p (res://tools/e2e/p2p_direct_enet/host.gd:207)
   GDScript backtrace (most recent call first):
       [0] _process_p2p (res://tools/e2e/p2p_direct_enet/host.gd:207)
       [1] _run (res://tools/e2e/p2p_direct_enet/host.gd:49)
HOST: Wait loop iteration, go_file exists = false
HOST: _process_p2p called, delta=0.010000
HOST: Before poll_rendezvous: hole_punch state=0, is_active=false
SCRIPT ERROR: Invalid access to property or key '_paused' on a base object of type 'Nil'.
   at: _process_p2p (res://tools/e2e/p2p_direct_enet/host.gd:207)
   GDScript backtrace (most recent call first):
       [0] _process_p2p (res://tools/e2e/p2p_direct_enet/host.gd:207)
       [1] _run (res://tools/e2e/p2p_direct_enet/host.gd:49)
HOST: Wait loop iteration, go_file exists = false
HOST: _process_p2p called, delta=0.010000
HOST: Before poll_rendezvous: hole_punch state=0, is_active=false
SCRIPT ERROR: Invalid access to property or key '_paused' on a base object of type 'Nil'.
   at: _process_p2p (res://tools/e2e/p2p_direct_enet/host.gd:207)
   GDScript backtrace (most recent call first):
       [0] _process_p2p (res://tools/e2e/p2p_direct_enet/host.gd:207)
       [1] _run (res://tools/e2e/p2p_direct_enet/host.gd:49)
HOST: Wait loop iteration, go_file exists = false
HOST: _process_p2p called, delta=0.010000
HOST: Before poll_rendezvous: hole_punch state=0, is_active=false
SCRIPT ERROR: Invalid access to property or key '_paused' on a base object of type 'Nil'.
   at: _process_p2p (res://tools/e2e/p2p_direct_enet/host.gd:207)
   GDScript backtrace (most recent call first):
       [0] _process_p2p (res://tools/e2e/p2p_direct_enet/host.gd:207)
       [1] _run (res://tools/e2e/p2p_direct_enet/host.gd:49)
HOST: Wait loop iteration, go_file exists = false
HOST: _process_p2p called, delta=0.010000
HOST: Before poll_rendezvous: hole_punch state=0, is_active=false
SCRIPT ERROR: Invalid access to property or key '_paused' on a base object of type 'Nil'.
   at: _process_p2p (res://tools/e2e/p2p_direct_enet/host.gd:207)
   GDScript backtrace (most recent call first):
       [0] _process_p2p (res://tools/e2e/p2p_direct_enet/host.gd:207)
       [1] _run (res://tools/e2e/p2p_direct_enet/host.gd:49)
HOST: Wait loop iteration, go_file exists = false
HOST: _process_p2p called, delta=0.010000
HOST: Before poll_rendezvous: hole_punch state=0, is_active=false
SCRIPT ERROR: Invalid access to property or key '_paused' on a base object of type 'Nil'.
   at: _process_p2p (res://tools/e2e/p2p_direct_enet/host.gd:207)
   GDScript backtrace (most recent call first):
       [0] _process_p2p (res://tools/e2e/p2p_direct_enet/host.gd:207)
       [1] _run (res://tools/e2e/p2p_direct_enet/host.gd:49)
HOST: Wait loop iteration, go_file exists = false
HOST: _process_p2p called, delta=0.010000
HOST: Before poll_rendezvous: hole_punch state=0, is_active=false
SCRIPT ERROR: Invalid access to property or key '_paused' on a base object of type 'Nil'.
   at: _process_p2p (res://tools/e2e/p2p_direct_enet/host.gd:207)
   GDScript backtrace (most recent call first):
       [0] _process_p2p (res://tools/e2e/p2p_direct_enet/host.gd:207)
       [1] _run (res://tools/e2e/p2p_direct_enet/host.gd:49)
HOST: Wait loop iteration, go_file exists = false
HOST: _process_p2p called, delta=0.010000
HOST: Before poll_rendezvous: hole_punch state=0, is_active=false
SCRIPT ERROR: Invalid access to property or key '_paused' on a base object of type 'Nil'.
   at: _process_p2p (res://tools/e2e/p2p_direct_enet/host.gd:207)
   GDScript backtrace (most recent call first):
       [0] _process_p2p (res://tools/e2e/p2p_direct_enet/host.gd:207)
       [1] _run (res://tools/e2e/p2p_direct_enet/host.gd:49)
HOST: Wait loop iteration, go_file exists = false
HOST: _process_p2p called, delta=0.010000
HOST: Before poll_rendezvous: hole_punch state=0, is_active=false
SCRIPT ERROR: Invalid access to property or key '_paused' on a base object of type 'Nil'.
   at: _process_p2p (res://tools/e2e/p2p_direct_enet/host.gd:207)
   GDScript backtrace (most recent call first):
       [0] _process_p2p (res://tools/e2e/p2p_direct_enet/host.gd:207)
       [1] _run (res://tools/e2e/p2p_direct_enet/host.gd:49)
HOST: Wait loop iteration, go_file exists = false
HOST: _process_p2p called, delta=0.010000
HOST: Before poll_rendezvous: hole_punch state=0, is_active=false
SCRIPT ERROR: Invalid access to property or key '_paused' on a base object of type 'Nil'.
   at: _process_p2p (res://tools/e2e/p2p_direct_enet/host.gd:207)
   GDScript backtrace (most recent call first):
       [0] _process_p2p (res://tools/e2e/p2p_direct_enet/host.gd:207)
       [1] _run (res://tools/e2e/p2p_direct_enet/host.gd:49)
HOST: Wait loop iteration, go_file exists = false
HOST: _process_p2p called, delta=0.010000
HOST: Before poll_rendezvous: hole_punch state=0, is_active=false
SCRIPT ERROR: Invalid access to property or key '_paused' on a base object of type 'Nil'.
   at: _process_p2p (res://tools/e2e/p2p_direct_enet/host.gd:207)
   GDScript backtrace (most recent call first):
       [0] _process_p2p (res://tools/e2e/p2p_direct_enet/host.gd:207)
       [1] _run (res://tools/e2e/p2p_direct_enet/host.gd:49)
HOST: Wait loop iteration, go_file exists = false
HOST: _process_p2p called, delta=0.010000
HOST: Before poll_rendezvous: hole_punch state=0, is_active=false
SCRIPT ERROR: Invalid access to property or key '_paused' on a base object of type 'Nil'.
   at: _process_p2p (res://tools/e2e/p2p_direct_enet/host.gd:207)
   GDScript backtrace (most recent call first):
       [0] _process_p2p (res://tools/e2e/p2p_direct_enet/host.gd:207)
       [1] _run (res://tools/e2e/p2p_direct_enet/host.gd:49)
HOST: Wait loop iteration, go_file exists = false
HOST: _process_p2p called, delta=0.010000
HOST: Before poll_rendezvous: hole_punch state=0, is_active=false
SCRIPT ERROR: Invalid access to property or key '_paused' on a base object of type 'Nil'.
   at: _process_p2p (res://tools/e2e/p2p_direct_enet/host.gd:207)
   GDScript backtrace (most recent call first):
       [0] _process_p2p (res://tools/e2e/p2p_direct_enet/host.gd:207)
       [1] _run (res://tools/e2e/p2p_direct_enet/host.gd:49)
HOST: Wait loop iteration, go_file exists = false
HOST: _process_p2p called, delta=0.010000
HOST: Before poll_rendezvous: hole_punch state=0, is_active=false
SCRIPT ERROR: Invalid access to property or key '_paused' on a base object of type 'Nil'.
   at: _process_p2p (res://tools/e2e/p2p_direct_enet/host.gd:207)
   GDScript backtrace (most recent call first):
       [0] _process_p2p (res://tools/e2e/p2p_direct_enet/host.gd:207)
       [1] _run (res://tools/e2e/p2p_direct_enet/host.gd:49)
HOST: Wait loop iteration, go_file exists = false
HOST: _process_p2p called, delta=0.010000
HOST: Before poll_rendezvous: hole_punch state=0, is_active=false
SCRIPT ERROR: Invalid access to property or key '_paused' on a base object of type 'Nil'.
   at: _process_p2p (res://tools/e2e/p2p_direct_enet/host.gd:207)
   GDScript backtrace (most recent call first):
       [0] _process_p2p (res://tools/e2e/p2p_direct_enet/host.gd:207)
       [1] _run (res://tools/e2e/p2p_direct_enet/host.gd:49)
HOST: Wait loop iteration, go_file exists = false
HOST: _process_p2p called, delta=0.010000
HOST: Before poll_rendezvous: hole_punch state=0, is_active=false
SCRIPT ERROR: Invalid access to property or key '_paused' on a base object of type 'Nil'.
   at: _process_p2p (res://tools/e2e/p2p_direct_enet/host.gd:207)
   GDScript backtrace (most recent call first):
       [0] _process_p2p (res://tools/e2e/p2p_direct_enet/host.gd:207)
       [1] _run (res://tools/e2e/p2p_direct_enet/host.gd:49)
HOST: Wait loop iteration, go_file exists = false
HOST: _process_p2p called, delta=0.010000
HOST: Before poll_rendezvous: hole_punch state=0, is_active=false
SCRIPT ERROR: Invalid access to property or key '_paused' on a base object of type 'Nil'.
   at: _process_p2p (res://tools/e2e/p2p_direct_enet/host.gd:207)
   GDScript backtrace (most recent call first):
       [0] _process_p2p (res://tools/e2e/p2p_direct_enet/host.gd:207)
       [1] _run (res://tools/e2e/p2p_direct_enet/host.gd:49)
HOST: Wait loop iteration, go_file exists = false
HOST: _process_p2p called, delta=0.010000
HOST: Before poll_rendezvous: hole_punch state=0, is_active=false
SCRIPT ERROR: Invalid access to property or key '_paused' on a base object of type 'Nil'.
   at: _process_p2p (res://tools/e2e/p2p_direct_enet/host.gd:207)
   GDScript backtrace (most recent call first):
       [0] _process_p2p (res://tools/e2e/p2p_direct_enet/host.gd:207)
       [1] _run (res://tools/e2e/p2p_direct_enet/host.gd:49)
HOST: Wait loop iteration, go_file exists = false
HOST: _process_p2p called, delta=0.010000
HOST: Before poll_rendezvous: hole_punch state=0, is_active=false
SCRIPT ERROR: Invalid access to property or key '_paused' on a base object of type 'Nil'.
   at: _process_p2p (res://tools/e2e/p2p_direct_enet/host.gd:207)
   GDScript backtrace (most recent call first):
       [0] _process_p2p (res://tools/e2e/p2p_direct_enet/host.gd:207)
       [1] _run (res://tools/e2e/p2p_direct_enet/host.gd:49)
HOST: Wait loop iteration, go_file exists = false
HOST: _process_p2p called, delta=0.010000
HOST: Before poll_rendezvous: hole_punch state=0, is_active=false
SCRIPT ERROR: Invalid access to property or key '_paused' on a base object of type 'Nil'.
   at: _process_p2p (res://tools/e2e/p2p_direct_enet/host.gd:207)
   GDScript backtrace (most recent call first):
       [0] _process_p2p (res://tools/e2e/p2p_direct_enet/host.gd:207)
       [1] _run (res://tools/e2e/p2p_direct_enet/host.gd:49)
HOST: Wait loop iteration, go_file exists = false
HOST: _process_p2p called, delta=0.010000
HOST: Before poll_rendezvous: hole_punch state=0, is_active=false
SCRIPT ERROR: Invalid access to property or key '_paused' on a base object of type 'Nil'.
   at: _process_p2p (res://tools/e2e/p2p_direct_enet/host.gd:207)
   GDScript backtrace (most recent call first):
       [0] _process_p2p (res://tools/e2e/p2p_direct_enet/host.gd:207)
       [1] _run (res://tools/e2e/p2p_direct_enet/host.gd:49)
HOST: Wait loop iteration, go_file exists = false
HOST: _process_p2p called, delta=0.010000
HOST: Before poll_rendezvous: hole_punch state=0, is_active=false
SCRIPT ERROR: Invalid access to property or key '_paused' on a base object of type 'Nil'.
   at: _process_p2p (res://tools/e2e/p2p_direct_enet/host.gd:207)
   GDScript backtrace (most recent call first):
       [0] _process_p2p (res://tools/e2e/p2p_direct_enet/host.gd:207)
       [1] _run (res://tools/e2e/p2p_direct_enet/host.gd:49)
HOST: Wait loop iteration, go_file exists = false
HOST: _process_p2p called, delta=0.010000
HOST: Before poll_rendezvous: hole_punch state=0, is_active=false
SCRIPT ERROR: Invalid access to property or key '_paused' on a base object of type 'Nil'.
   at: _process_p2p (res://tools/e2e/p2p_direct_enet/host.gd:207)
   GDScript backtrace (most recent call first):
       [0] _process_p2p (res://tools/e2e/p2p_direct_enet/host.gd:207)
       [1] _run (res://tools/e2e/p2p_direct_enet/host.gd:49)
HOST: Wait loop iteration, go_file exists = false
HOST: _process_p2p called, delta=0.010000
HOST: Before poll_rendezvous: hole_punch state=0, is_active=false
SCRIPT ERROR: Invalid access to property or key '_paused' on a base object of type 'Nil'.
   at: _process_p2p (res://tools/e2e/p2p_direct_enet/host.gd:207)
   GDScript backtrace (most recent call first):
       [0] _process_p2p (res://tools/e2e/p2p_direct_enet/host.gd:207)
       [1] _run (res://tools/e2e/p2p_direct_enet/host.gd:49)
HOST: Wait loop iteration, go_file exists = false
HOST: _process_p2p called, delta=0.010000
HOST: Before poll_rendezvous: hole_punch state=0, is_active=false
SCRIPT ERROR: Invalid access to property or key '_paused' on a base object of type 'Nil'.
   at: _process_p2p (res://tools/e2e/p2p_direct_enet/host.gd:207)
   GDScript backtrace (most recent call first):
       [0] _process_p2p (res://tools/e2e/p2p_direct_enet/host.gd:207)
       [1] _run (res://tools/e2e/p2p_direct_enet/host.gd:49)
HOST: Wait loop iteration, go_file exists = false
HOST: _process_p2p called, delta=0.010000
HOST: Before poll_rendezvous: hole_punch state=0, is_active=false
SCRIPT ERROR: Invalid access to property or key '_paused' on a base object of type 'Nil'.
   at: _process_p2p (res://tools/e2e/p2p_direct_enet/host.gd:207)
   GDScript backtrace (most recent call first):
       [0] _process_p2p (res://tools/e2e/p2p_direct_enet/host.gd:207)
       [1] _run (res://tools/e2e/p2p_direct_enet/host.gd:49)
HOST: Wait loop iteration, go_file exists = false
HOST: _process_p2p called, delta=0.010000
HOST: Before poll_rendezvous: hole_punch state=0, is_active=false
SCRIPT ERROR: Invalid access to property or key '_paused' on a base object of type 'Nil'.
   at: _process_p2p (res://tools/e2e/p2p_direct_enet/host.gd:207)
   GDScript backtrace (most recent call first):
       [0] _process_p2p (res://tools/e2e/p2p_direct_enet/host.gd:207)
       [1] _run (res://tools/e2e/p2p_direct_enet/host.gd:49)
HOST: Wait loop iteration, go_file exists = false
HOST: _process_p2p called, delta=0.010000
HOST: Before poll_rendezvous: hole_punch state=0, is_active=false
SCRIPT ERROR: Invalid access to property or key '_paused' on a base object of type 'Nil'.
   at: _process_p2p (res://tools/e2e/p2p_direct_enet/host.gd:207)
   GDScript backtrace (most recent call first):
       [0] _process_p2p (res://tools/e2e/p2p_direct_enet/host.gd:207)
       [1] _run (res://tools/e2e/p2p_direct_enet/host.gd:49)
HOST: Wait loop iteration, go_file exists = false
HOST: _process_p2p called, delta=0.010000
HOST: Before poll_rendezvous: hole_punch state=0, is_active=false
SCRIPT ERROR: Invalid access to property or key '_paused' on a base object of type 'Nil'.
   at: _process_p2p (res://tools/e2e/p2p_direct_enet/host.gd:207)
   GDScript backtrace (most recent call first):
       [0] _process_p2p (res://tools/e2e/p2p_direct_enet/host.gd:207)
       [1] _run (res://tools/e2e/p2p_direct_enet/host.gd:49)
HOST: Wait loop iteration, go_file exists = false
HOST: _process_p2p called, delta=0.010000
HOST: Before poll_rendezvous: hole_punch state=0, is_active=false
SCRIPT ERROR: Invalid access to property or key '_paused' on a base object of type 'Nil'.
   at: _process_p2p (res://tools/e2e/p2p_direct_enet/host.gd:207)
   GDScript backtrace (most recent call first):
       [0] _process_p2p (res://tools/e2e/p2p_direct_enet/host.gd:207)
       [1] _run (res://tools/e2e/p2p_direct_enet/host.gd:49)
HOST: Wait loop iteration, go_file exists = false
HOST: _process_p2p called, delta=0.010000
HOST: Before poll_rendezvous: hole_punch state=0, is_active=false
SCRIPT ERROR: Invalid access to property or key '_paused' on a base object of type 'Nil'.
   at: _process_p2p (res://tools/e2e/p2p_direct_enet/host.gd:207)
   GDScript backtrace (most recent call first):
       [0] _process_p2p (res://tools/e2e/p2p_direct_enet/host.gd:207)
       [1] _run (res://tools/e2e/p2p_direct_enet/host.gd:49)
HOST: Wait loop iteration, go_file exists = false
HOST: _process_p2p called, delta=0.010000
HOST: Before poll_rendezvous: hole_punch state=0, is_active=false
SCRIPT ERROR: Invalid access to property or key '_paused' on a base object of type 'Nil'.
   at: _process_p2p (res://tools/e2e/p2p_direct_enet/host.gd:207)
   GDScript backtrace (most recent call first):
       [0] _process_p2p (res://tools/e2e/p2p_direct_enet/host.gd:207)
       [1] _run (res://tools/e2e/p2p_direct_enet/host.gd:49)
HOST: Wait loop iteration, go_file exists = false
HOST: _process_p2p called, delta=0.010000
HOST: Before poll_rendezvous: hole_punch state=0, is_active=false
SCRIPT ERROR: Invalid access to property or key '_paused' on a base object of type 'Nil'.
   at: _process_p2p (res://tools/e2e/p2p_direct_enet/host.gd:207)
   GDScript backtrace (most recent call first):
       [0] _process_p2p (res://tools/e2e/p2p_direct_enet/host.gd:207)
       [1] _run (res://tools/e2e/p2p_direct_enet/host.gd:49)
HOST: Wait loop iteration, go_file exists = false
HOST: _process_p2p called, delta=0.010000
HOST: Before poll_rendezvous: hole_punch state=0, is_active=false
SCRIPT ERROR: Invalid access to property or key '_paused' on a base object of type 'Nil'.
   at: _process_p2p (res://tools/e2e/p2p_direct_enet/host.gd:207)
   GDScript backtrace (most recent call first):
       [0] _process_p2p (res://tools/e2e/p2p_direct_enet/host.gd:207)
       [1] _run (res://tools/e2e/p2p_direct_enet/host.gd:49)
HOST: Wait loop iteration, go_file exists = false
HOST: _process_p2p called, delta=0.010000
HOST: Before poll_rendezvous: hole_punch state=0, is_active=false
SCRIPT ERROR: Invalid access to property or key '_paused' on a base object of type 'Nil'.
   at: _process_p2p (res://tools/e2e/p2p_direct_enet/host.gd:207)
   GDScript backtrace (most recent call first):
       [0] _process_p2p (res://tools/e2e/p2p_direct_enet/host.gd:207)
       [1] _run (res://tools/e2e/p2p_direct_enet/host.gd:49)
HOST: Wait loop iteration, go_file exists = false
HOST: _process_p2p called, delta=0.010000
HOST: Before poll_rendezvous: hole_punch state=0, is_active=false
SCRIPT ERROR: Invalid access to property or key '_paused' on a base object of type 'Nil'.
   at: _process_p2p (res://tools/e2e/p2p_direct_enet/host.gd:207)
   GDScript backtrace (most recent call first):
       [0] _process_p2p (res://tools/e2e/p2p_direct_enet/host.gd:207)
       [1] _run (res://tools/e2e/p2p_direct_enet/host.gd:49)
HOST: Wait loop iteration, go_file exists = false
HOST: _process_p2p called, delta=0.010000
HOST: Before poll_rendezvous: hole_punch state=0, is_active=false
SCRIPT ERROR: Invalid access to property or key '_paused' on a base object of type 'Nil'.
   at: _process_p2p (res://tools/e2e/p2p_direct_enet/host.gd:207)
   GDScript backtrace (most recent call first):
       [0] _process_p2p (res://tools/e2e/p2p_direct_enet/host.gd:207)
       [1] _run (res://tools/e2e/p2p_direct_enet/host.gd:49)
HOST: Wait loop iteration, go_file exists = false
HOST: _process_p2p called, delta=0.010000
HOST: Before poll_rendezvous: hole_punch state=0, is_active=false
SCRIPT ERROR: Invalid access to property or key '_paused' on a base object of type 'Nil'.
   at: _process_p2p (res://tools/e2e/p2p_direct_enet/host.gd:207)
   GDScript backtrace (most recent call first):
       [0] _process_p2p (res://tools/e2e/p2p_direct_enet/host.gd:207)
       [1] _run (res://tools/e2e/p2p_direct_enet/host.gd:49)
HOST: Wait loop iteration, go_file exists = false
HOST: _process_p2p called, delta=0.010000
HOST: Before poll_rendezvous: hole_punch state=0, is_active=false
SCRIPT ERROR: Invalid access to property or key '_paused' on a base object of type 'Nil'.
   at: _process_p2p (res://tools/e2e/p2p_direct_enet/host.gd:207)
   GDScript backtrace (most recent call first):
       [0] _process_p2p (res://tools/e2e/p2p_direct_enet/host.gd:207)
       [1] _run (res://tools/e2e/p2p_direct_enet/host.gd:49)
HOST: Wait loop iteration, go_file exists = false
HOST: _process_p2p called, delta=0.010000
HOST: Before poll_rendezvous: hole_punch state=0, is_active=false
SCRIPT ERROR: Invalid access to property or key '_paused' on a base object of type 'Nil'.
   at: _process_p2p (res://tools/e2e/p2p_direct_enet/host.gd:207)
   GDScript backtrace (most recent call first):
       [0] _process_p2p (res://tools/e2e/p2p_direct_enet/host.gd:207)
       [1] _run (res://tools/e2e/p2p_direct_enet/host.gd:49)
HOST: Wait loop iteration, go_file exists = false
HOST: _process_p2p called, delta=0.010000
HOST: Before poll_rendezvous: hole_punch state=0, is_active=false
SCRIPT ERROR: Invalid access to property or key '_paused' on a base object of type 'Nil'.
   at: _process_p2p (res://tools/e2e/p2p_direct_enet/host.gd:207)
   GDScript backtrace (most recent call first):
       [0] _process_p2p (res://tools/e2e/p2p_direct_enet/host.gd:207)
       [1] _run (res://tools/e2e/p2p_direct_enet/host.gd:49)
HOST: Wait loop iteration, go_file exists = false
HOST: _process_p2p called, delta=0.010000
HOST: Before poll_rendezvous: hole_punch state=0, is_active=false
SCRIPT ERROR: Invalid access to property or key '_paused' on a base object of type 'Nil'.
   at: _process_p2p (res://tools/e2e/p2p_direct_enet/host.gd:207)
   GDScript backtrace (most recent call first):
       [0] _process_p2p (res://tools/e2e/p2p_direct_enet/host.gd:207)
       [1] _run (res://tools/e2e/p2p_direct_enet/host.gd:49)
